video_name,frame_idx,track_id,class_id,x1,y1,x2,y2
-wlnF8vCVMo_00,13,1,2,874.0000001387097,341.49999975000003,959.9999998612903,496.50000024999997
-wlnF8vCVMo_00,20,2,2,699.0000002833333,325.49999975000003,766.9999997166667,385.50000024999997
-wlnF8vCVMo_00,21,2,2,673.0,323.8,741.0,398.8
-wlnF8vCVMo_00,63,9,0,488.0,656.5,575.0,704.5
-wlnF8vCVMo_00,193,11,1,840.0,223.6,959.0,339.5
-wlnF8vCVMo_00,294,15,1,333.5,187.8,420.0,225.2
