video_name,frame_idx,track_id,class_id,x1,y1,x2,y2
2unYN0QzOFk_00,18,1,1,228.00000030205865,-2.499999993688107e-07,483.2999996979413,211.30000025
2unYN0QzOFk_00,72,2,4,514.0000004003759,698.6999997500001,535.299999599624,712.00000025
2unYN0QzOFk_00,75,3,0,1113.300000707373,59.799999750000005,1174.699999292627,81.50000025
2unYN0QzOFk_00,75,2,4,514.0,698.7,535.3,712.0
