video_name,frame_idx,track_id,class_id,x1,y1,x2,y2
5m8QzQubYOI_00,17,1,0,234.0000002272727,34.49999975000001,239.9999997727273,41.10000024999999
5m8QzQubYOI_00,23,2,1,166.2000001632653,15.499999750000006,175.7999998367347,30.200000249999995
5m8QzQubYOI_00,26,2,1,166.8,15.6,175.2,29.5
