video_name,frame_idx,track_id,class_id,x1,y1,x2,y2
5Vhz1P2k8Ds_00,34,1,1,674.7000001600962,504.69999975,707.9999998399038,556.7000002500001
5Vhz1P2k8Ds_00,44,2,0,288.70000020522383,343.29999975000004,299.69999979477615,356.70000024999996
5Vhz1P2k8Ds_00,190,15,1,392.0,374.0,426.7,415.3
5Vhz1P2k8Ds_00,199,19,0,244.0,641.3,296.0,720.0
5Vhz1P2k8Ds_00,200,19,0,244.0,641.3,296.0,720.0
5Vhz1P2k8Ds_00,201,19,0,244.3,642.3,296.0,720.0
5Vhz1P2k8Ds_00,202,19,0,244.3,641.3,296.0,720.0
