video_name,frame_idx,track_id,class_id,x1,y1,x2,y2
651RQwxB3WA_2_00,0,1,0,102.00000018085105,8.099999750000002,112.19999981914894,22.200000249999995
651RQwxB3WA_2_00,1,2,0,77.70000025401929,34.29999975,109.29999974598071,65.40000025
651RQwxB3WA_2_00,3,3,0,96.00000027397259,16.199999750000003,111.99999972602741,30.800000249999997
651RQwxB3WA_2_00,6,3,0,86.8,24.6,107.8,41.8
