video_name,frame_idx,track_id,class_id,x1,y1,x2,y2
8h2Xq-MfXPE_00,9,1,2,1033.0000004935064,381.49999975000003,1184.9999995064936,458.50000024999997
8h2Xq-MfXPE_00,11,1,2,1032.0,381.5,1186.0,458.5
8h2Xq-MfXPE_00,237,1,2,1032.0,376.5,1178.0,458.0
8h2Xq-MfXPE_00,238,1,2,1032.0,376.0,1184.0,458.0
8h2Xq-MfXPE_00,239,1,2,1034.0,376.0,1174.0,458.5
8h2Xq-MfXPE_00,240,1,2,1032.0,376.0,1164.0,459.0
