video_name,frame_idx,track_id,class_id,x1,y1,x2,y2
ALFF5620ljk_1_00,62,1,0,152.20000056969693,128.09999975,189.79999943030307,144.60000025
ALFF5620ljk_1_00,66,1,0,140.5,130.2,177.0,144.8
ALFF5620ljk_1_00,110,2,1,325.1000006164383,264.09999975000005,343.09999938356174,271.40000024999995
ALFF5620ljk_1_00,218,9,0,53.9,176.3,156.1,215.7
ALFF5620ljk_1_00,220,9,0,60.6,176.3,157.1,215.7
ALFF5620ljk_1_00,222,9,0,59.2,176.1,157.1,215.4
ALFF5620ljk_1_00,224,9,0,61.3,176.1,157.5,215.2
ALFF5620ljk_1_00,226,9,0,56.4,175.8,158.5,213.5
