video_name,frame_idx,track_id,class_id,x1,y1,x2,y2
bwW_wL4TwZg_1_00,0,1,0,97.50000029687497,49.799999750000005,112.69999970312502,62.60000025
bwW_wL4TwZg_1_00,2,1,0,95.8,48.0,110.5,61.4
bwW_wL4TwZg_1_00,4,1,0,94.8,47.7,108.2,58.6
bwW_wL4TwZg_1_00,10,1,0,91.3,44.4,102.3,55.2
bwW_wL4TwZg_1_00,54,3,0,111.6,63.6,130.9,74.0
