video_name,frame_idx,track_id,class_id,x1,y1,x2,y2
D6jE82ExHv4_00,26,1,0,936.00000012,669.99999975,959.99999988,720.00000025
D6jE82ExHv4_00,37,4,1,769.0,387.5,960.0,559.5
D6jE82ExHv4_00,38,4,1,771.0,379.5,960.0,551.5
