video_name,frame_idx,track_id,class_id,x1,y1,x2,y2
EkSE8710mGg_00,23,1,1,1.6359773091778607e-07,191.99999975,23.09999983640227,227.30000025
EkSE8710mGg_00,162,6,4,337.7,332.3,359.0,351.0
EkSE8710mGg_00,196,6,4,337.7,331.7,357.7,353.0
