video_name,frame_idx,track_id,class_id,x1,y1,x2,y2
GnpwLP2THmM_3_00,15,1,0,630.700000452612,520.99999975,873.299999547388,655.00000025
GnpwLP2THmM_3_00,30,2,0,765.3000006209312,582.6999997500001,1039.9999993790686,693.3000002499999
GnpwLP2THmM_3_00,156,2,0,768.7,582.0,1030.0,694.0
