video_name,frame_idx,track_id,class_id,x1,y1,x2,y2
Ly7szYRjMdw_00,32,1,1,246.40000044960297,916.29999975,540.799999550397,1080.00000025
Ly7szYRjMdw_00,168,2,1,818.9000003551689,442.09999975000005,1176.199999644831,693.60000025
