video_name,frame_idx,track_id,class_id,x1,y1,x2,y2
MRyEislt23s_00,48,1,3,266.50000034821426,214.09999975,285.99999965178574,228.10000025
