video_name,frame_idx,track_id,class_id,x1,y1,x2,y2
nSK7cehJiCE_9_00,34,1,2,519.300000338633,95.99999975,804.699999661367,306.70000025
nSK7cehJiCE_9_00,136,4,0,318.3,118.0,351.0,144.7
