video_name,frame_idx,track_id,class_id,x1,y1,x2,y2
O1AHOHWpTv8_00,0,1,0,775.5000002012987,334.49999975000003,837.4999997987013,411.50000024999997
O1AHOHWpTv8_00,18,2,0,611.0000001529412,249.49999975,662.9999998470588,334.50000024999997
O1AHOHWpTv8_00,56,5,0,1682.0,1002.0,1752.0,1080.0
O1AHOHWpTv8_00,58,5,0,1682.0,1002.0,1752.0,1080.0
O1AHOHWpTv8_00,60,3,0,420.5,348.0,455.5,423.0
