video_name,frame_idx,track_id,class_id,x1,y1,x2,y2
oV7t0yEbT8c_00,141,1,0,1516.000000201923,840.99999975,1599.999999798077,945.00000025
oV7t0yEbT8c_00,147,1,0,1504.0,829.0,1588.0,935.0
