video_name,frame_idx,track_id,class_id,x1,y1,x2,y2
owO2-pjxOqs_00,1,1,1,546.0000004646414,129.29999975,639.2999995353586,179.50000025
owO2-pjxOqs_00,4,1,1,538.7,150.0,622.7,180.7
owO2-pjxOqs_00,7,1,1,526.0,121.3,643.3,181.3
owO2-pjxOqs_00,8,1,1,522.7,121.2,644.7,181.8
owO2-pjxOqs_00,14,1,1,499.0,130.0,591.7,183.2
owO2-pjxOqs_00,15,1,1,496.0,129.7,586.7,183.7
owO2-pjxOqs_00,29,1,1,444.3,137.3,535.0,188.3
