video_name,frame_idx,track_id,class_id,x1,y1,x2,y2
T1WbCBVGCHg_12_00,192,1,0,532.3000003722316,375.29999975,619.6999996277684,434.00000024999997
T1WbCBVGCHg_12_00,234,2,0,1250.7,400.7,1280.0,437.3
T1WbCBVGCHg_12_00,236,2,0,1248.0,400.7,1280.0,438.0
T1WbCBVGCHg_12_00,238,2,0,1248.0,400.0,1280.0,438.7
T1WbCBVGCHg_12_00,240,2,0,1248.0,402.7,1280.0,438.7
T1WbCBVGCHg_12_00,242,2,0,1248.0,405.0,1280.0,439.0
T1WbCBVGCHg_12_00,244,2,0,1248.0,405.7,1280.0,439.7
