video_name,frame_idx,track_id,class_id,x1,y1,x2,y2
Uf-KkS36dZg_00,9,1,2,0.7000003425283836,-2.499999993688107e-07,217.99999965747162,158.60000025
Uf-KkS36dZg_00,10,1,2,0.0,0.0,212.0,155.7
Uf-KkS36dZg_00,20,1,2,1.3,0.0,238.3,156.2
Uf-KkS36dZg_00,25,1,2,0.0,0.0,223.3,158.6
Uf-KkS36dZg_00,26,1,2,0.0,0.0,219.7,160.8
Uf-KkS36dZg_00,27,1,2,0.0,0.0,227.3,159.4
Uf-KkS36dZg_00,28,1,2,0.0,0.0,249.7,157.8
Uf-KkS36dZg_00,29,1,2,0.0,0.0,221.3,156.7
