video_name,frame_idx,track_id,class_id,x1,y1,x2,y2
xKT7khciy-c_18_00,17,1,1,104.10000042975662,79.69999975000002,181.79999957024336,124.90000025
