video_name,frame_idx,track_A,track_B,distance,dir_A,dir_B,traj_dir_A,traj_dir_B,dx_A,dy_A,dx_B,dy_B,pair,dframes,approach_speed,ttc,relative_angle,trajectory_angle_diff,v_rel
0J5lP1YbTHc_00,268,20,18,512.0125022887624,-1.5707963267948966,0.0,-0.8478169733934064,0.0,0.0,-0.6999999999999886,,,18_20,,0.0,9999.0,90.0,48.5763343749974,0.0
0J5lP1YbTHc_00,269,20,18,526.3659017261662,-1.5707963267948966,2.9270871961487024,-0.8656849786804656,2.9270871961487024,0.0,-0.25,-14.0,3.0500000000000114,18_20,1.0,-14.35339943740371,9999.0,102.29025739389759,142.6901617276343,14.383671297690311
