video_name,frame_idx,track_A,track_B,distance,dir_A,dir_B,traj_dir_A,traj_dir_B,dx_A,dy_A,dx_B,dy_B,pair,dframes,approach_speed,ttc,relative_angle,trajectory_angle_diff,v_rel
1_iNUkyy46E_00,411,13,7,595.584523808334,2.7375471294440152,0.0,2.744083141969956,0.0,-21.399999999999977,9.150000000000006,0.599999999999909,0.0,7_13,,0.0,9999.0,156.84989673529574,157.22438266787677,0.0
1_iNUkyy46E_00,432,13,7,609.2466536633582,2.802300039135742,3.141592653589793,2.7214342194461176,0.0,-6.7999999999999545,2.400000000000034,-0.599999999999909,0.0,7_13,21.0,-0.6505776121440098,9999.0,19.44003482817656,155.92669499674204,0.31658609787799613
1_iNUkyy46E_00,435,13,7,613.2147605040179,2.9716072545208583,0.0,2.741780188702297,0.0,-6.7000000000000455,1.1499999999999773,0.0,0.0,7_13,3.0,-1.3227022802199144,9999.0,170.260554054503,157.09243316522404,2.2659925468152546
