video_name,frame_idx,track_A,track_B,distance,dir_A,dir_B,traj_dir_A,traj_dir_B,dx_A,dy_A,dx_B,dy_B,pair,dframes,approach_speed,ttc,relative_angle,trajectory_angle_diff,v_rel
1ySfr7IZBs8_00,103,14,12,216.6160774273231,0.1433940594739145,0.041307871447803166,0.11945850744119631,0.04542327942157701,9.350000000000023,1.3500000000000227,136.70000000000005,5.649999999999977,12_14,,0.0,9999.0,5.849107720475142,4.241906100812882,0.0
1ySfr7IZBs8_00,104,14,12,224.62165968579254,2.356194490192345,0.2287988453872329,0.13031784197803037,0.05388455108237429,-0.6499999999999773,0.6499999999999773,7.2999999999999545,1.7000000000000455,12_14,1.0,-8.005582258469445,9999.0,121.89079180184527,4.379304982616794,8.019039842774136
1ySfr7IZBs8_00,105,14,12,224.64038483763332,-0.04474623145460852,-0.007462548035250564,0.11435448041539646,0.05144266874770169,6.7000000000000455,-0.2999999999999545,6.7000000000000455,-0.05000000000001137,12_14,1.0,-0.018725151840783383,9999.0,2.1361977046310963,3.6045812900807994,0.24999999999994316
1ySfr7IZBs8_00,106,14,12,223.32497621179766,0.045082215314740506,0.13131543898308706,0.10858196128644708,0.05390042430490629,6.649999999999977,0.2999999999999545,5.2999999999999545,0.6999999999999886,12_14,1.0,1.3154086258356585,169.77612266296552,4.940799770003898,3.1330212863308176,1.4080127840329038
1ySfr7IZBs8_00,107,14,12,231.8984961141405,0.0,-0.08074889195486057,0.10858196128644709,0.04750476611399362,0.0,0.0,8.650000000000091,-0.6999999999999886,12_14,1.0,-8.573519902342838,9999.0,4.626570709371398,3.4994655078783903,8.67827747885498
