video_name,frame_idx,track_A,track_B,distance,dir_A,dir_B,traj_dir_A,traj_dir_B,dx_A,dy_A,dx_B,dy_B,pair,dframes,approach_speed,ttc,relative_angle,trajectory_angle_diff,v_rel
2BBwMYE-FC4_00,132,19,15,0.10000000000000142,0.7877847937108878,0.1973955598499245,0.682707230724126,0.33054798139042224,10.45,10.5,0.25,0.05000000000001137,15_19,,0.0,9999.0,33.826811370195344,20.177238703316476,0.0
2BBwMYE-FC4_00,133,19,15,0.1999999999999993,0.0,0.0,0.6628805576879256,0.0,0.6000000000000014,0.0,0.3000000000000007,0.0,15_19,1.0,-0.09999999999999787,9999.0,0.0,37.98025827679643,0.3000000000000007
2BBwMYE-FC4_00,130,21,15,81.4297550039296,0.0,-1.373400766945013,0.0,0.21510707313657132,,,0.05000000000000071,-0.25,15_21,,0.0,9999.0,78.69006752597963,12.324727434137465,0.0
2BBwMYE-FC4_00,188,21,19,70.11898815584834,1.395529950791817,1.581548600585998,1.395529950791817,1.4579769468281594,0.8499999999999943,4.800000000000011,-0.10000000000000142,9.299999999999983,19_21,,0.0,9999.0,10.658083543928667,3.5779493161525946,0.0
