video_name,frame_idx,track_A,track_B,distance,dir_A,dir_B,traj_dir_A,traj_dir_B,dx_A,dy_A,dx_B,dy_B,pair,dframes,approach_speed,ttc,relative_angle,trajectory_angle_diff,v_rel
3Xd6PxEvbNk_3_00,106,12,9,353.97114289162045,-0.3805063771123453,0.0,0.0,0.0,0.5,-0.19999999999998863,,,9_12,,0.0,9999.0,21.801409486350693,0.0,0.0
3Xd6PxEvbNk_3_00,108,12,9,356.0162987841989,2.596728738138251,-1.222025323211008,2.0344439357957027,-1.222025323211008,-1.6500000000000057,1.0,0.19999999999998863,-0.5500000000000007,9_12,2.0,-1.022577946289232,9999.0,141.2015092862452,173.4180553448209,1.2067518386147151
3Xd6PxEvbNk_3_00,110,12,9,356.34803563370457,2.214297435588181,-1.5707963267948966,2.067219080199777,-1.2722973952087335,-0.14999999999999147,0.19999999999998863,0.0,-0.10000000000000009,9_12,2.0,-0.16586842475282992,9999.0,143.13010235415598,168.65980034468816,0.1677050983124773
3Xd6PxEvbNk_3_00,112,12,9,357.50559436182255,1.4940244355251235,1.5707963267948966,1.7873466317709847,-1.2490457723982717,0.09999999999999432,1.3000000000000114,0.0,0.050000000000000266,9_12,2.0,-0.5787793640589882,9999.0,4.398705354995246,173.97246970447966,0.6269968101992279
