video_name,frame_idx,track_A,track_B,distance,dir_A,dir_B,traj_dir_A,traj_dir_B,dx_A,dy_A,dx_B,dy_B,pair,dframes,approach_speed,ttc,relative_angle,trajectory_angle_diff,v_rel
6RZ_i-xao0s_00,282,9,7,219.3842120572947,0.0,0.22679884805394018,-1.5707963267948966,3.136418055532894,0.7000000000000455,0.0,0.6499999999998636,0.15000000000000568,7_9,,0.0,9999.0,12.994616791919618,90.2964826293369,0.0
6RZ_i-xao0s_00,283,9,7,218.7931500298856,3.0702851888044913,-1.5707963267948966,-2.2058230621852473,3.1377116898923734,-0.7000000000000455,0.05000000000001137,0.0,-0.05000000000001137,7_9,1.0,0.5910620274090945,370.16952516635155,94.08561677997555,53.838011024467654,0.7071067811865958
6RZ_i-xao0s_00,284,9,7,219.81044674901153,0.935769591404546,1.5707963267948966,0.0,3.136418055532894,0.7000000000000455,0.9499999999999886,0.0,0.05000000000001137,7_9,1.0,-1.0172967191259374,9999.0,36.38435181583799,179.7035173706631,1.1401754250991478
6RZ_i-xao0s_00,285,9,7,219.85327493580812,1.5707963267948966,0.0,1.5707963267948966,3.136418055532894,0.0,0.09999999999999432,0.0,0.0,7_9,1.0,-0.04282818679658362,9999.0,90.0,89.70351737066309,0.09999999999999432
6RZ_i-xao0s_00,338,12,9,1017.7942387830657,1.9154436424129195,-1.292496667789767,2.1692152202734363,-1.2812926548334898,-0.6999999999999886,1.9499999999999886,0.7000000000000455,-2.4499999999999886,9_12,,0.0,9999.0,176.19855929549797,162.30046157971935,0.0
6RZ_i-xao0s_00,339,12,9,1017.0909300549288,-1.5707963267948966,-3.0702851888044913,2.2390857456254865,-1.5707963267948966,0.0,-0.30000000000001137,-0.7000000000000455,-0.05000000000001137,9_12,1.0,0.7033087281369035,1446.151440135328,85.91438322002446,141.70983680775663,0.7433034373659682
