video_name,frame_idx,track_A,track_B,distance,dir_A,dir_B,traj_dir_A,traj_dir_B,dx_A,dy_A,dx_B,dy_B,pair,dframes,approach_speed,ttc,relative_angle,trajectory_angle_diff,v_rel
7DhAOb5V7_Y_00,111,6,1,220.94852341665467,3.141592653589793,0.0,3.141592653589793,0.15264932839526515,-0.5,0.0,0.0,0.0,1_6,,0.0,9999.0,180.0,171.2538377374448,0.0
7DhAOb5V7_Y_00,112,6,1,220.94852341665467,0.0,0.0,3.141592653589793,0.15264932839526515,0.0,0.0,0.0,0.0,1_6,1.0,-0.0,9999.0,0.0,171.2538377374448,0.0
7DhAOb5V7_Y_00,113,6,1,220.7491166460242,0.0,0.0,3.141592653589793,0.15264932839526515,0.3499999999999943,0.0,0.0,0.0,1_6,1.0,0.19940677063047474,1107.0291943852772,0.0,171.2538377374448,0.3499999999999943
7DhAOb5V7_Y_00,132,6,1,222.61518928410973,0.0,1.5707963267948966,2.073639537722755,-0.06241880999595735,0.3499999999999943,0.0,0.0,1.25,1_6,19.0,-0.0982143493729232,9999.0,90.0,122.38712811797029,0.06831976308287975
7DhAOb5V7_Y_00,133,6,1,222.95641390191042,3.141592653589793,0.0,2.275290391037111,2.896613990462929,-0.5999999999999943,0.0,0.0,0.0,1_6,1.0,-0.341224617800691,9999.0,180.0,35.59921995897633,0.5999999999999943
7DhAOb5V7_Y_00,134,6,1,221.41039383913304,0.0,2.356194490192345,1.6704649792860529,2.498091544796509,1.5,0.0,-0.5,0.5,1_6,1.0,1.5460200627773872,143.21314397523062,135.0,47.419509216656664,2.0615528128088303
7DhAOb5V7_Y_00,135,6,1,222.1823575354263,3.141592653589793,-0.46364760900080615,1.9074711461816187,2.677945044588987,-0.5,0.0,0.5,-0.25,1_6,1.0,-0.7719636962932555,9999.0,153.434948822922,44.14490260373356,1.0307764064044151
7DhAOb5V7_Y_00,136,6,1,222.95071764854222,3.141592653589793,3.141592653589793,2.4364813054753602,1.1902899496825512,-1.6500000000000057,0.0,-0.30000000000001137,0.0,1_6,1.0,-0.7683601131159321,9999.0,0.0,71.40150515261391,1.3499999999999943
7DhAOb5V7_Y_00,137,6,1,220.72749035858672,-0.6202494859828196,2.7985687131690846,2.3305590816706614,2.1587989303424644,1.4000000000000057,-1.0,-0.6999999999999886,0.25,1_6,1.0,2.223227289955503,99.28246713947296,164.1161462660793,9.841131759634031,2.4438698819699827
