video_name,frame_idx,track_A,track_B,distance,dir_A,dir_B,traj_dir_A,traj_dir_B,dx_A,dy_A,dx_B,dy_B,pair,dframes,approach_speed,ttc,relative_angle,trajectory_angle_diff,v_rel
8ZzJdjQi-aM_00,138,13,11,619.5426054760076,-2.2996510532475254,2.2455372690184494,-2.199968835916431,2.214297435588181,-2.5,-2.8000000000000114,-3.0,3.75,11_13,,0.0,9999.0,99.57989204201213,107.08117299583576,0.0
8ZzJdjQi-aM_00,141,13,11,618.6143164363398,-2.2390857456254865,2.4668517113662682,-2.204279555789899,2.221217740338422,-1.5,-1.8999999999999773,-0.25,0.19999999999998863,11_13,3.0,0.30942967988926284,1999.2080806783836,90.36964506184508,106.43768268528974,0.8146232939899861
8ZzJdjQi-aM_00,144,13,11,616.9673735295895,-2.0899424410414196,0.876058050598212,-2.1865695669358853,2.1885520523611293,-2.0,-3.5,0.25,0.30000000000001137,11_13,3.0,0.5489809689167563,1123.8410955246468,169.9393102046781,109.32399635783857,1.4720544977834393
8ZzJdjQi-aM_00,147,13,11,615.2861630981149,-2.5829933382462307,3.141592653589793,-2.218913880066085,2.195512284317081,-2.0,-1.25,-0.09999999999999432,0.0,11_13,3.0,0.5604034771581988,1097.9342352017973,32.00538320808349,107.07201180872046,0.7581043610362789
8ZzJdjQi-aM_00,150,13,11,614.8543018471937,-1.8876208126631147,-1.862253121272774,-2.185459278717062,2.2318394956455836,-1.0,-3.0500000000000114,-0.15000000000000568,-0.5,11_13,3.0,0.14395375030706722,4271.193355752457,1.4534616526568755,106.90742338070908,0.8959786703810438
8ZzJdjQi-aM_00,153,13,11,613.5645116856092,-1.9513027039072615,0.0,-2.151194514188771,2.2213707040083563,-2.0,-5.0,0.15000000000000568,0.0,11_13,3.0,0.4299300538615019,1427.1263573568724,111.80140948635182,109.47046735160468,1.814218533939308
8ZzJdjQi-aM_00,156,13,11,612.7888808553889,-2.5652174329986055,3.141592653589793,-2.163966842991269,2.228368626436492,-1.0,-0.6500000000000057,-0.09999999999999432,0.0,11_13,3.0,0.2585436100734266,2370.1567433105633,33.023867555796876,108.33771539617604,0.3700600551862446
8ZzJdjQi-aM_00,159,13,11,612.047726897176,-1.9513027039072615,1.4711276743037403,-2.143436077633048,2.1713840782204903,-1.5,-3.75,0.09999999999999432,1.0,11_13,3.0,0.24705131940432543,2477.41128593406,163.90918365114752,112.77901571161219,1.6707450101343673
