video_name,frame_idx,track_A,track_B,distance,dir_A,dir_B,traj_dir_A,traj_dir_B,dx_A,dy_A,dx_B,dy_B,pair,dframes,approach_speed,ttc,relative_angle,trajectory_angle_diff,v_rel
91DHD6SEyVU_00,32,19,15,627.3392164531084,0.0,0.0,0.0,2.356194490192345,,,0.0,0.0,15_19,,0.0,9999.0,0.0,135.0,0.0
91DHD6SEyVU_00,33,19,15,641.9501538281613,-2.7785082845856537,0.0,-2.7785082845856537,2.356194490192345,-13.949999999999989,-5.300000000000011,0.0,0.0,15_19,1.0,-14.610937375052913,9999.0,159.1967980488922,65.80320195110777,14.922885109790258
91DHD6SEyVU_00,34,19,15,654.0283212522222,-2.752759443951835,0.0,-2.7668922221679595,2.356194490192345,-11.350000000000023,-4.649999999999977,0.0,0.0,15_19,1.0,-12.078167424060894,9999.0,157.72149815321944,66.46875330220217,12.26560230889622
91DHD6SEyVU_00,35,19,15,666.4100783301525,-2.7632986622483307,0.0,-2.7657547766409425,2.356194490192345,-11.699999999999989,-4.650000000000034,0.0,0.0,15_19,1.0,-12.381757077930274,9999.0,158.3253508809757,66.53392413032635,12.59017474064598
91DHD6SEyVU_00,36,19,15,675.6616941931812,-2.8148504601191098,0.0,-2.7752202767948724,2.356194490192345,-9.0,-3.0500000000000114,0.0,0.0,15_19,1.0,-9.251615863028746,9999.0,161.27905132528284,65.9915909205257,9.502762756167286
91DHD6SEyVU_00,37,19,15,686.3850395368477,-2.7336724089679127,0.0,-2.767729157289839,2.356194490192345,-9.949999999999989,-4.2999999999999545,0.0,0.0,15_19,1.0,-10.723345343666438,9999.0,156.62789160522215,66.42080045199225,10.839395739615718
91DHD6SEyVU_00,38,19,15,694.8440922250113,-2.9156334359011535,0.0,-2.786811436731764,2.356194490192345,-8.700000000000045,-2.0,0.0,0.0,15_19,1.0,-8.459052688163638,9999.0,167.05349048436312,65.3274663764807,8.926925562588767
91DHD6SEyVU_00,39,19,15,704.3631059332963,-2.698969983413188,0.0,-2.7761111751059975,2.356194490192345,-8.649999999999977,-4.100000000000023,0.0,0.0,15_19,1.0,-9.519013708285001,9999.0,154.63958908206948,65.9405462073229,9.572486615294888
