video_name,frame_idx,track_A,track_B,distance,dir_A,dir_B,traj_dir_A,traj_dir_B,dx_A,dy_A,dx_B,dy_B,pair,dframes,approach_speed,ttc,relative_angle,trajectory_angle_diff,v_rel
9PpJJxn6DmA_00,48,4,1,293.61039235694636,0.0,-1.5707963267948966,0.0,-1.5707963267948966,,,0.0,-0.09999999999999432,1_4,,0.0,9999.0,90.0,90.0,0.0
9PpJJxn6DmA_00,50,4,1,293.61039235694636,0.0,0.0,0.0,-1.5707963267948966,0.0,0.0,0.0,0.0,1_4,2.0,-0.0,9999.0,0.0,90.0,0.0
9PpJJxn6DmA_00,52,4,1,293.61039235694636,0.0,0.0,0.0,-1.5707963267948966,0.0,0.0,0.0,0.0,1_4,2.0,-0.0,9999.0,0.0,90.0,0.0
9PpJJxn6DmA_00,54,4,1,293.6243177940138,-1.5707963267948966,0.0,-1.5707963267948966,-1.5707963267948966,0.0,-0.04999999999999982,0.0,0.0,1_4,2.0,-0.006962718533713996,9999.0,90.0,0.0,0.02499999999999991
9PpJJxn6DmA_00,66,4,1,292.70600010932475,1.5707963267948966,1.5707963267948966,-0.049958395721942585,0.0,0.0,0.04999999999999982,0.0,0.15000000000000568,1_4,12.0,0.07652647372408694,3824.898572547119,0.0,2.8624052261117376,0.008333333333333822
9PpJJxn6DmA_00,68,4,1,293.63825108456155,3.0916342578678506,-1.5707963267948966,0.0,-1.5707963267948966,-1.0,0.04999999999999982,0.0,-0.05000000000001137,1_4,2.0,-0.4661254876183989,9999.0,92.86240522611175,90.0,0.502493781056045
9PpJJxn6DmA_00,70,4,1,291.7180530923652,0.0,0.0,0.0,-1.5707963267948966,2.0,0.0,0.0,0.0,1_4,2.0,0.9600989960981678,303.84163953707304,0.0,90.0,1.0
9PpJJxn6DmA_00,72,4,1,291.70402808326116,0.0,-1.5707963267948966,0.0,-1.5707963267948966,0.0,0.0,0.0,-0.04999999999999716,1_4,2.0,0.007012504552022847,41597.695362510014,90.0,90.0,0.02499999999999858
9PpJJxn6DmA_00,74,4,1,291.70402808326116,1.5707963267948966,1.5707963267948966,0.024994793618920513,0.0,0.0,0.05000000000000071,0.0,0.04999999999999716,1_4,2.0,-0.0,9999.0,0.0,1.4320961841646664,1.7763568394002505e-15
