video_name,frame_idx,track_A,track_B,distance,dir_A,dir_B,traj_dir_A,traj_dir_B,dx_A,dy_A,dx_B,dy_B,pair,dframes,approach_speed,ttc,relative_angle,trajectory_angle_diff,v_rel
_KmJLS_TJKY_00,43,11,6,214.95376828518266,0.0,-0.35877067027057225,0.0,-0.37216976324395523,,,16.0,-6.0,6_11,,0.0,9999.0,20.556045219583474,21.32375669626171,0.0
_KmJLS_TJKY_00,44,11,6,207.60072856326877,1.5707963267948966,-2.6497834776010945,1.5707963267948966,-0.39991520242604345,0.0,0.15000000000000568,-7.0,-3.75,6_11,1.0,7.353039721913888,28.23332069655043,118.1785901099592,112.91345326213228,8.013114251026254
_KmJLS_TJKY_00,45,11,6,211.8451144114492,-0.04995839572193993,-0.41399900261219985,0.09966865249117048,-0.4009920846051986,1.0,-0.04999999999999716,16.5,-7.25,6_11,1.0,-4.244385848180428,9999.0,20.857990346193017,28.68574720353084,17.090640713560155
