video_name,frame_idx,track_A,track_B,distance,dir_A,dir_B,traj_dir_A,traj_dir_B,dx_A,dy_A,dx_B,dy_B,pair,dframes,approach_speed,ttc,relative_angle,trajectory_angle_diff,v_rel
ALFF5620ljk_8_00,24,2,1,320.27352762911886,0.0,-0.463647609000863,0.0,-2.819842099192753,,,0.10000000000000853,-0.05000000000001137,1_2,,0.0,9999.0,26.56505117708125,161.56505117705518,0.0
ALFF5620ljk_8_00,30,2,1,317.5069487428582,2.4837040484075796,-1.5707963267948966,2.4837040484075796,-2.819842099192753,-2.1999999999999886,1.7000000000000028,0.0,-0.05000000000001137,1_2,6.0,0.46109648104344575,688.5911339517289,127.69424046668937,56.1291892896342,0.4685230932290199
