video_name,frame_idx,track_A,track_B,distance,dir_A,dir_B,traj_dir_A,traj_dir_B,dx_A,dy_A,dx_B,dy_B,pair,dframes,approach_speed,ttc,relative_angle,trajectory_angle_diff,v_rel
AuQz_-J2kzc_5_00,28,3,2,144.48274983540423,0.0,-0.7022569315090067,0.0,-0.5935799057666792,,,1.3000000000000114,-1.1000000000000085,2_3,,0.0,9999.0,40.236358309273804,34.00962340420383,0.0
AuQz_-J2kzc_5_00,29,3,2,143.9821950798084,-0.16514867741463196,-1.0303768265242956,-0.16514867741463196,-0.5954098754787327,0.9000000000000057,-0.15000000000000568,0.15000000000000568,-0.25,2_3,1.0,0.5005547555958287,287.6452445415709,49.57392125989959,24.652150737315363,0.7566372975210771
AuQz_-J2kzc_5_00,30,3,2,138.40249275211772,-0.450827798527907,-0.8602580111082179,-0.4240412919962219,-0.6059955202020139,7.849999999999994,-3.8000000000000114,1.8499999999999943,-2.1500000000000057,2_3,1.0,5.579702327690683,24.804637348709516,23.45862318599592,10.42520934075212,6.222740553807464
AuQz_-J2kzc_5_00,31,3,2,119.89375505004422,-0.528556298694239,-0.8066715494215052,-0.4972249075902499,-0.6150230527348323,19.349999999999994,-11.299999999999983,2.3000000000000114,-2.3999999999999915,2_3,1.0,18.508737702073503,6.477684052792683,15.934830084895054,6.7493365512540615,19.233109472989522
AuQz_-J2kzc_5_00,32,3,2,108.82794907559362,-0.6278773801728071,-1.0706352730472148,-0.5407776664443803,-0.6427301979862187,12.950000000000017,-9.400000000000006,2.3499999999999943,-4.299999999999997,2_3,1.0,11.065805974450598,9.83461569151512,25.36815860780899,5.841449768021744,11.763077828527727
AuQz_-J2kzc_5_00,33,3,2,106.56289222801718,-1.4633683731902438,-0.5880026035475676,-0.6208177323132941,-0.6414918185172567,0.549999999999983,-5.099999999999994,1.5,-1.0,2_3,1.0,2.265056847576446,47.0464537532631,50.154764130746386,1.1845378847766983,4.208622102303791
AuQz_-J2kzc_5_00,34,3,2,102.71651522515744,-0.6770162511526159,-1.190289949682535,-0.6274652356707969,-0.6619478570185362,5.349999999999994,-4.300000000000011,1.1999999999999886,-3.0,2_3,1.0,3.8463770028597395,26.7047445294075,29.408416660834533,1.9757086697731745,4.348850422812916
