video_name,frame_idx,track_A,track_B,distance,dir_A,dir_B,traj_dir_A,traj_dir_B,dx_A,dy_A,dx_B,dy_B,pair,dframes,approach_speed,ttc,relative_angle,trajectory_angle_diff,v_rel
aUvorQJ7jRU_00,221,36,33,434.23150507534575,-0.7509290623979423,-2.608558543412305,0.6540827244143567,0.5431895762878278,1.5,-1.4000000000000057,-20.0,-11.799999999999955,33_36,,0.0,9999.0,106.43432916120045,6.353709364569176,0.0
aUvorQJ7jRU_00,222,36,33,438.03899369804964,0.0,0.16324028278483477,0.5218342798144072,0.4613592834755848,0.5,0.0,8.5,1.3999999999999773,33_36,1.0,-3.807488622703886,9999.0,9.352979250093103,3.46496205628363,8.121576201698778
aUvorQJ7jRU_00,223,36,33,443.06388929814625,-1.5707963267948966,0.12659212727997005,0.4834470015671979,0.3879800795128734,0.0,-0.09999999999999432,11.0,1.3999999999999773,33_36,1.0,-5.024895600096613,9999.0,97.25319461272522,5.469851716817193,11.101801655587256
aUvorQJ7jRU_00,228,36,33,433.75021613827465,-2.677945044588987,-1.8595258553072933,0.5028432109278587,0.27934204917655714,-1.0,-0.5,-3.0,-10.100000000000023,33_36,5.0,1.8627346319743197,232.85668752426702,46.891965418359504,12.805673284620323,1.9612241075410064
aUvorQJ7jRU_00,229,36,33,442.9291704098975,0.0,1.1801892830972098,0.5028432109278587,0.43728652936060486,0.0,0.0,3.5,8.5,33_36,1.0,-9.178954271622842,9999.0,67.61986494804042,3.756121172686722,9.192388155425117
aUvorQJ7jRU_00,230,36,33,439.84088031923545,0.0,-0.6747409422235527,0.5028432109278587,0.26694265677593904,0.0,0.0,7.5,-6.0,33_36,1.0,3.088290090662042,142.42213892055264,38.65980825409009,13.516106137702325,9.604686356149273
