video_name,frame_idx,track_A,track_B,distance,dir_A,dir_B,traj_dir_A,traj_dir_B,dx_A,dy_A,dx_B,dy_B,pair,dframes,approach_speed,ttc,relative_angle,trajectory_angle_diff,v_rel
bSZkOI7eF8k_4_00,342,9,2,355.2012668896327,1.5707963267948966,3.076538002171804,-0.6202494859827907,0.11065722117389362,0.0,0.19999999999998863,-15.349999999999909,1.0,2_9,,0.0,9999.0,86.27264303605446,41.87786953788241,0.0
bSZkOI7eF8k_4_00,345,9,2,355.42126061900126,-2.9669204545815515,3.141592653589793,-1.7975951748487473,0.12083697915707141,-0.8500000000000227,-0.15000000000000568,-0.650000000000091,0.0,2_9,3.0,-0.0733312431228607,9999.0,10.00797980144149,109.91806570672497,0.08333333333331629
bSZkOI7eF8k_4_00,348,9,2,354.52885989718806,0.0,-1.5707963267948966,-0.7483780475234904,0.21336864215180076,0.8500000000000227,0.0,0.0,-0.35000000000002274,2_9,3.0,0.2974669072710678,1191.826220770576,90.0,55.104026279072286,0.3064129385141805
