video_name,frame_idx,track_A,track_B,distance,dir_A,dir_B,traj_dir_A,traj_dir_B,dx_A,dy_A,dx_B,dy_B,pair,dframes,approach_speed,ttc,relative_angle,trajectory_angle_diff,v_rel
bys_qghQe0w_02,116,3,1,410.4077240988527,0.6149082904844652,3.0880317630713683,0.5618884083231132,3.090943488045554,8.0,5.6499999999999915,-131.5,7.050000000000011,1_3,,0.0,9999.0,141.6995371939677,144.9041822242178,0.0
bys_qghQe0w_02,118,3,1,388.4958172233004,0.4515757608355511,3.111167262764842,0.5538836776212902,3.0911036835709074,10.0,4.8500000000000085,-11.5,0.3499999999999943,1_3,2.0,10.955953437776174,35.4597908278585,152.3833682894081,145.37199803707068,10.9829413182444
bys_qghQe0w_02,132,3,1,226.14332291712705,0.639123172516525,3.031692434542304,0.5836927943598814,3.090500792782271,66.0,49.05000000000001,-14.5,1.5999999999999943,1_3,14.0,11.596606736155238,19.500818477535358,137.0841209068071,143.62951835924045,6.674560483886653
bys_qghQe0w_02,134,3,1,202.00223389853883,0.7936624380570981,3.1315929869031276,0.5945032965525193,3.092894723572876,9.0,9.149999999999977,-15.0,0.15000000000000568,1_3,2.0,12.070544509294109,16.735138480538357,133.95355324358167,143.14728433993346,12.816005617976293
