video_name,frame_idx,track_A,track_B,distance,dir_A,dir_B,traj_dir_A,traj_dir_B,dx_A,dy_A,dx_B,dy_B,pair,dframes,approach_speed,ttc,relative_angle,trajectory_angle_diff,v_rel
CftpplTN-Qc_00,47,9,7,0.32015621187163534,-2.356194490192345,1.5707963267948966,-2.5213431676069638,-1.5707963267948966,-0.19999999999998863,-0.19999999999998863,0.0,0.35000000000002274,7_9,,0.0,9999.0,135.0,54.46232220802517,0.0
CftpplTN-Qc_00,54,9,7,0.0,0.16514867741461917,0.0,-0.5404195002706009,-0.24497866312686417,1.1999999999999886,0.19999999999998863,0.0,0.0,7_9,7.0,0.045736601695947905,0.0,9.46232220802518,16.927513064148002,0.17379321515137583
CftpplTN-Qc_00,55,9,7,0.19999999999998863,0.0,0.0,-0.5404195002706009,-0.2053953891897693,0.0,0.0,0.19999999999998863,0.0,7_9,1.0,-0.19999999999998863,9999.0,0.0,19.195467600053732,0.19999999999998863
CftpplTN-Qc_00,61,9,7,0.30413812651492406,-1.5707963267948966,-2.601173153319192,-0.832981266674442,-0.6659692373791278,0.0,-0.25,-0.5,-0.30000000000001137,7_9,6.0,-0.017356354419155905,9999.0,59.036243467925516,9.569084406536765,0.08374896350934093
CftpplTN-Qc_00,62,9,7,0.5590169943749475,1.5707963267948966,2.8966139904628623,-0.5404195002706009,-0.7853981633974483,0.0,0.25,-0.19999999999998863,0.05000000000001137,7_9,1.0,-0.2548788678600234,9999.0,75.9637565320697,14.036243467925518,0.28284271247460296
CftpplTN-Qc_00,107,9,7,1.0440306508910582,-2.356194490192345,2.2455372690184494,1.8417431771333181,1.5707963267948966,-0.25,-0.25,-1.0,1.25,7_9,45.0,-0.010778081255913572,9999.0,96.34019174590988,15.524110996754318,0.037267799624996496
CftpplTN-Qc_00,108,9,7,0.7071067811865395,-1.0636978224025488,-1.4181469983996413,1.7894652726688385,1.5258827313251095,0.5,-0.8999999999999773,0.19999999999998863,-1.3000000000000114,7_9,1.0,0.3369238697045187,2.0987138186637537,20.308441836523123,15.102167172328201,0.5000000000000341
