video_name,frame_idx,track_A,track_B,distance,dir_A,dir_B,traj_dir_A,traj_dir_B,dx_A,dy_A,dx_B,dy_B,pair,dframes,approach_speed,ttc,relative_angle,trajectory_angle_diff,v_rel
CkI203kbHQ8_5_00,44,7,2,318.2744099044093,0.0,1.5707963267948966,0.0,-0.3871840741813242,,,0.0,0.04999999999998295,2_7,,0.0,9999.0,90.0,22.184013345270067,0.0
CkI203kbHQ8_5_00,46,7,2,318.2792209680047,1.5707963267948966,-1.5707963267948966,1.5707963267948966,-0.3954802994665949,0.0,1.4210854715202004e-14,0.0,-0.04999999999998295,2_7,2.0,-0.002405531797705862,9999.0,180.0,112.65935204000579,0.02499999999999858
CkI203kbHQ8_5_00,48,7,2,318.2792209680047,0.0,0.0,1.5707963267948966,-0.3954802994665949,0.0,0.0,0.0,0.0,2_7,2.0,-0.0,9999.0,0.0,112.65935204000579,0.0
CkI203kbHQ8_5_00,50,7,2,318.26960662306413,-1.5707963267948966,0.0,-1.5707963267948966,-0.3954802994665949,0.0,-0.10000000000002274,0.0,0.0,2_7,2.0,0.004807172470293608,66207.23691314225,90.0,67.3406479599942,0.05000000000001137
