video_name,frame_idx,track_A,track_B,distance,dir_A,dir_B,traj_dir_A,traj_dir_B,dx_A,dy_A,dx_B,dy_B,pair,dframes,approach_speed,ttc,relative_angle,trajectory_angle_diff,v_rel
dfEFaPk-2-Y_00,55,3,1,181.35000689274872,-1.5707963267948966,-0.321750554397097,-2.5652174329986255,-0.321750554397097,0.0,-0.2999999999999545,0.14999999999997726,-0.05000000000006821,1_3,,0.0,9999.0,71.56505117705194,128.54118362125618,0.0
dfEFaPk-2-Y_00,56,3,1,178.70000699496353,0.0,0.0,-0.3752708228559501,-0.321750554397097,2.6499999999999773,0.0,0.0,0.0,1_3,1.0,2.649999897785193,67.43396750479755,0.0,3.066485501099421,2.6499999999999773
dfEFaPk-2-Y_00,79,10,3,571.9398788334312,-1.0768549578752735,-2.2896263264164407,-2.019519670805682,-0.1566018769820259,0.7000000000000455,-1.2999999999999545,-0.35000000000002274,-0.40000000000009095,3_10,,0.0,9999.0,69.4866809317138,106.73732716591795,0.0
dfEFaPk-2-Y_00,80,10,3,570.497629267642,1.8850282258792759,1.1071487177940904,2.677945044589022,-0.049958395721946,-0.650000000000091,2.0,0.35000000000002274,0.7000000000000455,3_10,1.0,1.4422495657892114,395.560964482219,44.56921278299372,156.29735404903596,1.6401219466857058
dfEFaPk-2-Y_00,81,10,3,575.0527128011831,-0.7947436857049294,2.8501358591119677,-0.9884433806509468,-0.008333140440147286,2.650000000000091,-2.7000000000000455,-1.0,0.2999999999999545,3_10,1.0,-4.555083533541165,9999.0,151.16378524842722,56.15618022163211,4.724669300596674
dfEFaPk-2-Y_00,82,10,3,574.7557568219738,-1.7767876634707431,-0.29145679447782535,-1.4510023040421656,-0.049958395721946006,-0.7000000000000455,-3.349999999999966,1.0,-0.2999999999999545,3_10,1.0,0.29695597920931505,1935.4914433861134,85.10318997379319,80.27390285926242,3.49177605238369
dfEFaPk-2-Y_00,83,10,3,574.039878841183,3.141592653589793,-1.5707963267948966,-1.5707963267948966,-0.0925916298075478,-0.6499999999998636,0.0,0.0,-0.2999999999999545,3_10,1.0,0.7158779807907649,801.8683270675454,90.00000000000001,84.6948903937898,0.7158910531636747
