video_name,frame_idx,track_A,track_B,distance,dir_A,dir_B,traj_dir_A,traj_dir_B,dx_A,dy_A,dx_B,dy_B,pair,dframes,approach_speed,ttc,relative_angle,trajectory_angle_diff,v_rel
FJcKTvBI75U_02,288,5,2,118.90324848379876,-2.356194490192345,0.0,-2.7778216343395097,0.0,-1.3500000000000227,-1.3500000000000227,,,2_5,,0.0,9999.0,135.0,159.1574558877865,0.0
FJcKTvBI75U_02,298,5,2,115.51563746956515,-1.601090086713679,-2.2990178213159536,-2.7358554160350637,-2.2990178213159536,-0.05000000000001137,-1.6499999999999773,-7.0,-7.850000000000023,2_5,10.0,0.3387611014233613,340.994396889746,39.98831359783695,25.02895051005135,0.9313565375300717
