video_name,frame_idx,track_A,track_B,distance,dir_A,dir_B,traj_dir_A,traj_dir_B,dx_A,dy_A,dx_B,dy_B,pair,dframes,approach_speed,ttc,relative_angle,trajectory_angle_diff,v_rel
fzWY0vLAXzI_00,36,3,1,653.2677016354015,0.0,3.141592653589793,0.0,0.0,,,-0.04999999999999716,0.0,1_3,,0.0,9999.0,180.0,0.0,0.0
fzWY0vLAXzI_00,38,3,1,655.6308870088412,-0.2639637236257047,1.6207547225168364,-0.2639637236257047,0.9944211062037288,5.549999999999997,-1.5,-0.04999999999999716,1.0,1_3,2.0,-1.1815926867198527,9999.0,107.98641253442216,72.10013975251485,3.06634962129239
fzWY0vLAXzI_00,40,3,1,656.0576880122662,0.2479548448156907,1.862253121272774,-0.052583061610941714,1.490966341082675,3.950000000000003,1.0,-0.45000000000001705,1.5,1_3,2.0,-0.21340050171249914,9999.0,92.49247811623385,88.43886624428339,2.2141589825484624
fzWY0vLAXzI_00,42,3,1,659.5020640604546,-0.39978109824279706,1.471127674303712,-0.2077998086966719,1.5208379310729518,7.099999999999994,-3.0,0.05000000000001137,0.5,1_3,2.0,-1.72218802409418,9999.0,107.19517652091626,99.04364679583334,3.935495521532192
