video_name,frame_idx,track_A,track_B,distance,dir_A,dir_B,traj_dir_A,traj_dir_B,dx_A,dy_A,dx_B,dy_B,pair,dframes,approach_speed,ttc,relative_angle,trajectory_angle_diff,v_rel
gbM45Kpz814_00,10,2,1,200.61361494175821,0.0,-3.0394493711586783,0.0,-2.8848843231564074,,,-20.0,-2.0500000000000114,1_2,,0.0,9999.0,174.14762101108434,165.29169610031724,0.0
gbM45Kpz814_00,11,2,1,186.86308490442946,-3.0853141173010297,-0.28029965633845155,-3.0853141173010297,-2.852923551167582,-10.650000000000091,-0.6000000000000227,3.2999999999999545,-0.9499999999999886,1_2,1.0,13.750530037328758,13.58951868743602,160.71549008631933,13.3149986381024,13.954389990250425
