video_name,frame_idx,track_A,track_B,distance,dir_A,dir_B,traj_dir_A,traj_dir_B,dx_A,dy_A,dx_B,dy_B,pair,dframes,approach_speed,ttc,relative_angle,trajectory_angle_diff,v_rel
GnpwLP2THmM_0_00,9,2,1,802.913974221398,0.0,-2.1305932463563253,0.0,-2.1305932463563253,,,-4.7000000000000455,-7.5,1_2,,0.0,9999.0,122.07400087529427,122.07400087529427,0.0
GnpwLP2THmM_0_00,9,3,1,326.2124844330762,0.0,-2.1305932463563253,0.0,-2.1305932463563253,,,-4.7000000000000455,-7.5,1_3,,0.0,9999.0,122.07400087529427,122.07400087529427,0.0
GnpwLP2THmM_0_00,9,3,2,481.2533064821477,0.0,0.0,0.0,0.0,,,,,2_3,,0.0,9999.0,0.0,0.0,0.0
GnpwLP2THmM_0_00,36,8,6,78.65357588819467,0.0,2.2058230621852473,0.0,2.2058230621852473,,,-0.7000000000000455,0.9499999999999886,6_8,,0.0,9999.0,126.38435181583797,126.38435181583797,0.0
