video_name,frame_idx,track_A,track_B,distance,dir_A,dir_B,traj_dir_A,traj_dir_B,dx_A,dy_A,dx_B,dy_B,pair,dframes,approach_speed,ttc,relative_angle,trajectory_angle_diff,v_rel
gRuYZISmQ3k_00,40,12,1,54.217271233436335,0.0,2.0964943538392644,0.0,0.42340818835309285,,,-3.7999999999999545,6.550000000000011,1_12,,0.0,9999.0,120.1202782479965,24.259502203912444,0.0
gRuYZISmQ3k_00,41,12,1,54.672319321572594,0.7720656201032995,1.1509163695893463,0.7720656201032995,0.46115562412717814,1.8999999999999773,1.849999999999966,1.25,2.8000000000000114,1_12,1.0,-0.45504808813625885,9999.0,21.706549010918533,17.81383057786116,1.1510864433221586
gRuYZISmQ3k_00,40,7,1,634.689296033894,1.3339475658479687,2.0964943538392644,1.6404509005234638,0.42340818835309285,0.35000000000002274,1.4500000000000455,-3.7999999999999545,6.550000000000011,1_7,,0.0,9999.0,43.690712633158405,69.73141089451728,0.0
gRuYZISmQ3k_00,41,7,1,633.503451056109,-1.5707963267948966,1.1509163695893463,1.648227413750338,0.46115562412717814,0.0,-0.6499999999999773,1.25,2.8000000000000114,1_7,1.0,1.1858449777849955,534.2211359189725,155.94265054998834,68.0142035244486,3.669468626381744
gRuYZISmQ3k_00,40,12,7,670.4271362348037,0.0,1.3339475658479687,0.0,1.6404509005234638,,,0.35000000000002274,1.4500000000000455,7_12,,0.0,9999.0,76.42956561483808,93.99091309842973,0.0
gRuYZISmQ3k_00,41,12,7,670.5379817728448,0.7720656201032995,-1.5707963267948966,0.7720656201032995,1.648227413750338,1.8999999999999773,1.849999999999966,0.0,-0.6499999999999773,7_12,1.0,-0.110845538041076,9999.0,134.2361015390698,50.20037294658746,3.140063693621457
gRuYZISmQ3k_00,144,30,7,570.1601200540073,0.0,1.1071487177940904,0.0,-0.6254850402392245,,,0.30000000000001137,0.6000000000000227,7_30,,0.0,9999.0,63.43494882292201,35.83765295427801,0.0
gRuYZISmQ3k_00,145,30,7,569.4199790137328,1.3578579772155137,2.677945044589063,1.3578579772155137,-1.3352513460740245,0.39999999999997726,1.8500000000000227,-0.30000000000001137,0.14999999999997726,7_30,1.0,0.7401410402744659,769.3398258291086,75.63541755030631,154.3037979918237,1.8384776310850612
