video_name,frame_idx,track_A,track_B,distance,dir_A,dir_B,traj_dir_A,traj_dir_B,dx_A,dy_A,dx_B,dy_B,pair,dframes,approach_speed,ttc,relative_angle,trajectory_angle_diff,v_rel
h5WtldZ9-68_00,134,14,13,207.23142256906894,0.0,-0.8189772681919275,0.0,-0.6532125829251749,,,9.350000000000023,-10.0,13_14,,0.0,9999.0,46.923940984551166,37.42632412645182,0.0
h5WtldZ9-68_00,135,14,13,213.3959055371026,2.896613990462929,-0.6460630160833166,2.896613990462929,-0.6512937541696068,-2.0,0.5,9.350000000000023,-7.050000000000011,13_14,1.0,-6.164482968033667,9999.0,157.0195593468598,156.71986013077705,13.631764375897959
