video_name,frame_idx,track_A,track_B,distance,dir_A,dir_B,traj_dir_A,traj_dir_B,dx_A,dy_A,dx_B,dy_B,pair,dframes,approach_speed,ttc,relative_angle,trajectory_angle_diff,v_rel
hs-_vD6T78s_00,0,2,1,985.5490982188556,0.0,0.0,0.0,0.0,,,,,1_2,,0.0,9999.0,0.0,0.0,0.0
hs-_vD6T78s_00,1,2,1,985.7663173896742,1.5707963267948966,1.892546881191823,1.5707963267948966,1.892546881191823,0.0,0.05000000000001137,-0.10000000000007958,0.2999999999999545,1_2,1.0,-0.21721917081856645,9999.0,18.434948822938296,18.434948822938296,0.269258240356702
hs-_vD6T78s_00,125,7,1,962.1832517769158,0.0,0.43240777557046023,1.5707963267948966,1.7975951748487569,0.0,0.0,0.6500000000000341,0.2999999999999545,1_7,,0.0,9999.0,24.77514056882748,12.99461679191504,0.0
hs-_vD6T78s_00,126,7,1,962.474639925645,0.0,3.141592653589793,1.5707963267948966,1.8217990134379396,0.0,0.0,-0.35000000000002274,0.0,1_7,1.0,-0.2913881487291974,9999.0,180.0,14.381394591091087,0.35000000000002274
hs-_vD6T78s_00,127,7,1,962.474639925645,0.0,0.0,1.5707963267948966,1.6475682180646656,0.0,0.0,0.0,0.0,1_7,1.0,-0.0,9999.0,0.0,4.398705354995016,0.0
