video_name,frame_idx,track_A,track_B,distance,dir_A,dir_B,traj_dir_A,traj_dir_B,dx_A,dy_A,dx_B,dy_B,pair,dframes,approach_speed,ttc,relative_angle,trajectory_angle_diff,v_rel
iKor62WhYgc_00,261,8,1,656.9040188642477,0.0,1.5707963267948966,0.0,3.141592653589793,,,0.0,1.3500000000000085,1_8,,0.0,9999.0,90.0,180.0,0.0
iKor62WhYgc_00,262,8,1,656.7903870337933,1.190289949682533,1.5707963267948966,1.190289949682533,3.0336801647731155,0.09999999999999964,0.25,0.0,0.4000000000000057,1_8,1.0,0.11363183045443748,5779.985981103631,21.801409486351744,105.61847932040341,0.180277563773204
iKor62WhYgc_00,263,8,1,656.2180449362849,-1.5707963267948966,2.191045812777726,0.9827937232473481,2.9147938055359073,0.0,-0.09999999999999432,-0.5,0.6999999999999886,1_8,1.0,0.5723420975084537,1146.5486250145916,144.46232220802517,110.69545073406218,0.9433981132056459
