video_name,frame_idx,track_A,track_B,distance,dir_A,dir_B,traj_dir_A,traj_dir_B,dx_A,dy_A,dx_B,dy_B,pair,dframes,approach_speed,ttc,relative_angle,trajectory_angle_diff,v_rel
jrbryXS0w74_00,582,12,11,47.56797767406133,0.0,1.5707963267948966,0.0,-2.356194490192345,,,0.0,0.6500000000000341,11_12,,0.0,9999.0,90.0,135.0,0.0
jrbryXS0w74_00,585,12,11,46.94062739248378,1.5707963267948966,3.141592653589793,1.5707963267948966,-2.677945044588987,0.0,0.05000000000001137,-0.6499999999999773,0.0,11_12,3.0,0.20911676052584957,224.47089977123716,90.0,116.56505117707799,0.21730674684008103
jrbryXS0w74_00,588,12,11,46.901199345006084,-1.5707963267948966,0.0,-1.5707963267948966,-2.677945044588987,0.0,-0.19999999999998863,0.0,0.0,11_12,3.0,0.013142682492566374,3568.616937336335,90.0,63.43494882292201,0.06666666666666288
jrbryXS0w74_00,591,12,11,47.60748365540861,1.5707963267948966,-0.298498931586253,0.0,-2.223642957895641,0.0,0.14999999999997726,0.6499999999999773,-0.20000000000004547,11_12,3.0,-0.23542810346750778,9999.0,107.1027289690566,127.40535663140685,0.24608038433722026
jrbryXS0w74_00,603,12,11,48.274346189254565,-1.5707963267948966,-0.6556956262415531,-1.5707963267948966,-1.5707963267948966,0.0,-0.19999999999998863,0.6499999999999773,-0.5,11_12,12.0,-0.055571877820496475,9999.0,52.43140797117154,0.0,0.059657587763650155
jrbryXS0w74_00,567,11,7,30.0,0.0,0.0,0.0,-2.262452948648094,,,1.5,0.0,7_11,,0.0,9999.0,0.0,129.62900530446416,0.0
jrbryXS0w74_00,570,11,7,29.702693480558292,1.5707963267948966,-1.5707963267948966,1.5707963267948966,-2.247382285375102,0.0,0.35000000000002274,0.0,-0.14999999999997726,7_11,3.0,0.09910217314723606,299.7178824366345,180.0,141.23448009554107,0.16666666666666666
