video_name,frame_idx,track_A,track_B,distance,dir_A,dir_B,traj_dir_A,traj_dir_B,dx_A,dy_A,dx_B,dy_B,pair,dframes,approach_speed,ttc,relative_angle,trajectory_angle_diff,v_rel
kaggle-fahaddalwai-cctvfootagevideo_1_00,174,11,9,411.03365129877136,0.0,1.8669114726698552,0.0,1.8370483759458214,,,-0.8999999999999773,2.9499999999999886,9_11,,0.0,9999.0,106.96614810853585,105.25511870305775,0.0
kaggle-fahaddalwai-cctvfootagevideo_1_00,177,11,9,412.3584514715322,2.677945044589122,0.41012734054149824,2.677945044589122,1.6749927620575322,-0.09999999999999964,0.04999999999998295,1.1499999999999773,0.5,9_11,3.0,-0.4416000575869437,9999.0,129.93638314697722,57.46493284207261,0.4428443418528754
kaggle-fahaddalwai-cctvfootagevideo_1_00,180,11,9,411.9995540046129,-0.5667292175234999,0.0,-0.5880026035475857,1.6749927620575322,0.5499999999999989,-0.3499999999999943,0.0,0.0,9_11,3.0,0.1196324889731007,3443.876805883816,32.47119229084812,129.66008350683796,0.21730674684008697
kaggle-fahaddalwai-cctvfootagevideo_1_00,183,11,9,411.37236173569073,2.3561944901923715,2.7707013647771004,-0.5191461142465602,1.7801817197483907,-0.09999999999999964,0.09999999999999432,-0.8999999999999773,0.35000000000002274,9_11,3.0,0.20906408964071943,1967.6854233677427,23.749494492863498,131.74178060486784,0.2793842435706659
kaggle-fahaddalwai-cctvfootagevideo_1_00,186,11,9,412.31876321603414,-1.9416876156075618,-0.40489178628500505,-1.5707963267948966,1.7411049171356476,-0.34999999999999964,-0.8999999999999915,0.35000000000002274,-0.14999999999997726,9_11,3.0,-0.31546716011447035,9999.0,88.0519149934897,170.24203655865247,0.34197140881139504
kaggle-fahaddalwai-cctvfootagevideo_1_00,189,11,9,413.28306280320754,-1.428899272190739,0.0,-1.5363272257953897,1.621707708251213,0.049999999999998934,-0.3500000000000085,0.9499999999999886,0.0,9_11,3.0,-0.3214331957244667,9999.0,81.86989764584439,179.05792672425437,0.3218867985971306
kaggle-fahaddalwai-cctvfootagevideo_1_00,192,11,9,412.9273543857321,0.0,-2.5535900500421382,-1.5363272257953897,1.6620454891189473,0.0,0.0,-0.30000000000001137,-0.20000000000004547,9_11,3.0,0.11856947249181833,3482.5773085414157,146.3099324740152,176.74674212560964,0.12018504251547786
kaggle-fahaddalwai-cctvfootagevideo_1_00,195,11,9,412.6539106806089,0.0,3.141592653589793,-1.5363272257953897,1.7007782715993078,0.0,0.0,-0.30000000000001137,0.0,9_11,3.0,0.09114790170773783,4527.300167630489,180.0,174.52751716068673,0.1000000000000038
