video_name,frame_idx,track_A,track_B,distance,dir_A,dir_B,traj_dir_A,traj_dir_B,dx_A,dy_A,dx_B,dy_B,pair,dframes,approach_speed,ttc,relative_angle,trajectory_angle_diff,v_rel
KiVTcO5wpds_00,26,6,1,134.5023791611137,0.0,-0.15377630011950918,0.0,0.19578642550034753,,,10.0,-1.5500000000000114,1_6,,0.0,9999.0,8.810732985984975,11.21773586712243,0.0
KiVTcO5wpds_00,49,6,1,272.57127966827323,-0.6107259643892201,1.1096362748521815,-0.6107259643892201,0.11939887089725541,1.0,-0.700000000000017,4.0,8.050000000000011,1_6,23.0,-6.002995674224327,9999.0,98.56949554220792,41.83307157959944,0.40217391304347944
KiVTcO5wpds_00,50,6,1,270.2785415085704,-1.5707963267948966,-1.4288992721907325,-0.7597627548757798,0.09750234510716017,0.0,-0.25,1.0,-7.0,1_6,1.0,2.2927381597028216,117.88460900550596,8.130102354155985,49.117672152883,6.823672031978091
KiVTcO5wpds_00,63,6,1,317.27121284478363,0.0,0.5436810673092595,-0.4434483364197452,0.10727885564840278,1.0,0.0,22.5,13.600000000000023,1_6,13.0,-3.6148208720164017,9999.0,31.150630557988595,31.554343768595547,1.9569478711540083
KiVTcO5wpds_00,64,6,1,316.6351409745924,1.5707963267948966,-1.1860004317557924,-0.4228539261329431,0.05400150037596829,0.0,0.05000000000001137,6.5,-16.05000000000001,1_6,1.0,0.6360718701912447,497.7977423830914,157.9528192403003,27.321803376871422,17.362603491412248
