video_name,frame_idx,track_A,track_B,distance,dir_A,dir_B,traj_dir_A,traj_dir_B,dx_A,dy_A,dx_B,dy_B,pair,dframes,approach_speed,ttc,relative_angle,trajectory_angle_diff,v_rel
knWz2A2w3Ts_00,92,16,5,426.97077183338905,-0.8681779930609336,1.0475180046629249,-0.5840361192809493,1.0475180046629249,10.5,-12.400000000000091,1.5,2.6000000000000227,5_16,,0.0,9999.0,109.76129549968046,93.48116534914841,0.0
knWz2A2w3Ts_00,94,16,5,414.591968084284,-0.6570749357116481,-1.5707963267948966,-0.5967423664496951,0.9723774333163689,10.5,-8.099999999999909,0.0,-0.39999999999997726,5_16,2.0,6.189401874552516,66.9841733478097,52.352379359892666,89.9039420770083,6.5103763332083755
knWz2A2w3Ts_00,96,16,5,403.817412328889,-0.3117174462492756,-2.9123607203127833,-0.5655600481668633,1.5707963267948966,9.0,-2.900000000000091,-1.5,-0.35000000000002274,5_16,2.0,5.3872778776975,74.95759853053634,149.00588362292325,122.40420382117681,5.402603539035609
knWz2A2w3Ts_00,98,16,5,393.6579479700619,-1.0949169119574573,-1.5707963267948966,-0.6408529177949783,1.5707963267948966,6.7000000000000455,-13.0,0.0,-0.35000000000002274,5_16,2.0,5.079732179413554,77.49580766588939,27.26588202734056,126.71816747829655,7.157382552302203
knWz2A2w3Ts_00,100,16,5,385.2004802696902,-0.7926973038411471,0.0,-0.6544509309861637,1.5707963267948966,6.7999999999999545,-6.899999999999977,0.0,0.0,5_16,2.0,4.228733850185847,91.09120931144938,45.41820994149718,127.49727624391468,4.843810483493318
knWz2A2w3Ts_00,102,16,5,377.03210738609516,-0.9827937232473289,0.0,-0.6840011617124242,1.5707963267948966,6.0,-9.0,0.0,0.0,5_16,2.0,4.084186441797527,92.3151067560364,56.30993247402021,129.19037974816723,5.408326913195984
knWz2A2w3Ts_00,104,16,5,373.6325066157922,-1.3831565549905298,0.0,-0.7256403370090507,1.5707963267948966,1.5,-7.899999999999977,0.0,0.0,5_16,2.0,1.699800385151491,219.80963757841073,79.24903300681193,131.5761287550693,4.020572098594914
knWz2A2w3Ts_00,106,16,5,365.2892689362774,-0.46364760900080615,1.5707963267948966,-0.7092405226646679,1.5707963267948966,7.5,-3.75,0.0,0.75,5_16,2.0,4.1716188397574,87.5653512384465,116.56505117707799,130.63648860833808,4.373213921133975
