video_name,frame_idx,track_A,track_B,distance,dir_A,dir_B,traj_dir_A,traj_dir_B,dx_A,dy_A,dx_B,dy_B,pair,dframes,approach_speed,ttc,relative_angle,trajectory_angle_diff,v_rel
LDFzVFnuKIg_00,19,3,1,1785.004193972664,1.5707963267948966,-3.009041121293119,-1.5707963267948966,-0.31204212156253386,0.0,0.25,-7.5,-1.0,1_3,,0.0,9999.0,97.59464336859143,72.12130340415864,0.0
LDFzVFnuKIg_00,20,3,1,1779.3757332278083,-1.5707963267948966,0.0,-1.5707963267948966,-0.11065722117389565,0.0,-0.25,5.900000000000006,0.0,1_3,1.0,5.628460744855829,316.1389612344869,90.0,83.6598082540901,5.905294234837081
LDFzVFnuKIg_00,21,3,1,1775.4947373901168,0.0,-0.260602391747341,-1.5707963267948966,-0.1555948279770297,0.0,0.0,3.75,-1.0,1_3,1.0,3.8809958376914437,457.4843188819922,14.931417178137554,81.08507304285214,3.881043674065006
