video_name,frame_idx,track_A,track_B,distance,dir_A,dir_B,traj_dir_A,traj_dir_B,dx_A,dy_A,dx_B,dy_B,pair,dframes,approach_speed,ttc,relative_angle,trajectory_angle_diff,v_rel
LeRsK6lfpK8_00,0,2,1,455.44181845763785,0.0,0.0,0.0,0.0,,,,,1_2,,0.0,9999.0,0.0,0.0,0.0
LeRsK6lfpK8_00,2,2,1,451.6160232985539,1.7126933813990945,-1.9018924034990272,1.7126933813990945,-1.9018924034990272,-0.05000000000001137,0.3499999999999943,-1.6499999999999773,-4.7999999999999545,1_2,2.0,1.9128975795419763,236.09001764050993,152.89948983735562,152.89948983735562,2.696409649886278
LeRsK6lfpK8_00,2,3,1,481.37881392932115,0.0,-1.9018924034990272,0.0,-1.9018924034990272,,,-1.6499999999999773,-4.7999999999999545,1_3,,0.0,9999.0,108.97040780848646,108.97040780848646,0.0
LeRsK6lfpK8_00,14,3,1,473.112724411424,-1.0493618870231542,-1.4692599140550273,-0.7873249432866701,-1.5372625762791465,1.3500000000000085,-2.3500000000000227,2.7000000000000455,-26.5,1_3,12.0,0.6888407931580977,686.8244870376582,24.058384774796483,42.96826126849978,2.0156419572930093
LeRsK6lfpK8_00,2,3,2,280.6353238635507,0.0,1.7126933813990945,0.0,1.7126933813990945,,,-0.05000000000001137,0.3499999999999943,2_3,,0.0,9999.0,98.13010235415793,98.13010235415793,0.0
LeRsK6lfpK8_00,10,3,2,268.18618998747866,-0.6961621005786313,2.677945044588987,-0.6961621005786313,2.301703033951622,10.349999999999987,-8.649999999999977,-0.5,0.25,2_3,8.0,1.556141734509005,172.34046490764993,166.67790095696049,171.76501975800227,1.7541580067086286
LeRsK6lfpK8_00,12,3,2,265.3586488132618,-1.0121970114513341,2.804917834203071,-0.7427274511907072,2.4775464907631157,1.25,-2.0,-1.0,0.3499999999999943,2_3,2.0,1.4137705871084165,187.6956920966927,141.29542942727193,175.49189425008927,1.626729848499742
LeRsK6lfpK8_00,4,4,2,415.1942798257221,0.0,2.49809154479652,0.0,2.1763409903998907,,,-0.4000000000000057,0.29999999999999716,2_4,,0.0,9999.0,143.13010235415663,124.69515353123535,0.0
