video_name,frame_idx,track_A,track_B,distance,dir_A,dir_B,traj_dir_A,traj_dir_B,dx_A,dy_A,dx_B,dy_B,pair,dframes,approach_speed,ttc,relative_angle,trajectory_angle_diff,v_rel
mllfWsyVZ1s_00,0,2,1,651.1936213600376,0.0,0.0,0.0,0.0,,,,,1_2,,0.0,9999.0,0.0,0.0,0.0
mllfWsyVZ1s_00,1,2,1,651.5050671330193,-1.9936502529278277,-1.5707963267948966,-1.9936502529278277,-1.5707963267948966,-0.44999999999998863,-1.0,0.0,-0.1500000000000341,1_2,1.0,-0.3114457729817559,9999.0,24.227745317953627,24.227745317953627,0.9617692030835318
mllfWsyVZ1s_00,0,3,1,128.20340284095428,0.0,0.0,0.0,0.0,,,,,1_3,,0.0,9999.0,0.0,0.0,0.0
mllfWsyVZ1s_00,1,4,1,93.44443536134189,0.0,-1.5707963267948966,0.0,-1.5707963267948966,,,0.0,-0.1500000000000341,1_4,,0.0,9999.0,90.0,90.0,0.0
mllfWsyVZ1s_00,0,3,2,548.002997254577,0.0,0.0,0.0,0.0,,,,,2_3,,0.0,9999.0,0.0,0.0,0.0
mllfWsyVZ1s_00,2,3,2,526.8771631035075,2.950653517508251,-2.2083451249335915,2.950653517508251,-2.1783693851839194,-25.350000000000023,4.899999999999977,-4.0,-5.399999999999977,2_3,2.0,10.562917075534756,49.879892016177166,64.41115127436119,66.12863464979989,11.852346814028014
mllfWsyVZ1s_00,1,4,2,558.7372638369487,0.0,-1.9936502529278277,0.0,-1.9936502529278277,,,-0.44999999999998863,-1.0,2_4,,0.0,9999.0,114.22774531795362,114.22774531795362,0.0
mllfWsyVZ1s_00,69,9,7,229.52713347227603,0.0,-1.4242227669214167,0.0,-2.093370538118681,,,2.6499999999999773,-17.949999999999932,7_9,,0.0,9999.0,81.60195363104152,119.94129679123043,0.0
mllfWsyVZ1s_00,70,9,7,226.5498013682643,0.29849893158617313,-1.5707963267948966,0.29849893158617313,-2.0261161334433573,0.6499999999999773,0.19999999999998863,0.0,-4.7000000000000455,7_9,1.0,2.9773321040117366,76.09154553602033,107.10272896905201,133.1906322187215,4.9429242357131375
