video_name,frame_idx,track_A,track_B,distance,dir_A,dir_B,traj_dir_A,traj_dir_B,dx_A,dy_A,dx_B,dy_B,pair,dframes,approach_speed,ttc,relative_angle,trajectory_angle_diff,v_rel
mRbMWblAmzo_00,470,50,37,1396.2947620398782,3.141592653589793,-2.7072764833894656,1.1071487177940904,-2.7072764833894656,-0.15000000000000568,0.0,-83.0,-38.5,37_50,,0.0,9999.0,24.88448352676432,141.44953470384232,0.0
mRbMWblAmzo_00,472,50,37,1392.2963271157473,0.0,3.141592653589793,1.1071487177940904,-2.724969176431733,0.0,0.0,-4.0,0.0,37_50,2.0,1.9992174620654168,696.4206513469267,180.0,140.4358180642999,2.0
mRbMWblAmzo_00,474,50,37,1390.478357436749,0.0,-1.8925468811915387,1.1071487177940904,-2.677945044588987,0.0,0.0,-2.0,-6.0,37_50,2.0,0.9089848394991122,1529.704673845781,108.43494882292201,143.13010235415598,3.1622776601683795
mRbMWblAmzo_00,476,50,37,1388.54566453538,0.0,-2.356194490192345,1.1071487177940904,-2.6691925328657273,0.0,0.0,-2.0,-2.0,37_50,2.0,0.9663464506845685,1436.9025348535422,135.0,143.63158433603755,1.4142135623730951
mRbMWblAmzo_00,484,50,37,1374.7451954816936,0.0,-2.7796945502004755,1.1071487177940904,-2.6832925871981375,0.0,0.0,-14.0,-5.300000000000011,37_50,8.0,1.7250586317107945,796.9266494544106,159.264766062003,142.8237107318853,1.8712044917645965
mRbMWblAmzo_00,492,50,37,1365.6080147685134,1.1071487177940904,-2.5535900500422253,1.1071487177940904,-2.699218430613048,0.25,0.5,-3.0,-2.0,37_50,8.0,1.1421475891475268,1195.6493431709403,150.2551187030578,141.91122711902472,0.5125381083392727
mRbMWblAmzo_00,494,50,37,1365.6181063899232,1.5707963267948966,0.0,1.1902899496825317,-2.699218430613048,0.0,0.25,0.0,0.0,37_50,2.0,-0.005045810704928044,9999.0,90.0,137.14758542829856,0.125
mRbMWblAmzo_00,496,50,37,1365.8984451634756,2.356194490192345,-1.5707963267948966,1.4056476493802696,-2.695642311846757,-0.25,0.25,0.0,-0.5,37_50,2.0,-0.14016938677616508,9999.0,135.0,125.01339466231835,0.39528470752104744
mRbMWblAmzo_00,498,50,37,1369.0718900043196,-1.768191886644821,-0.8253768505207382,1.412141064608504,-2.6618606409026815,-0.05000000000001137,-0.25,3.0,-3.25,37_50,2.0,-1.5867224204220065,9999.0,54.0193224313842,126.57689654510978,2.139071060063227
