video_name,frame_idx,track_A,track_B,distance,dir_A,dir_B,traj_dir_A,traj_dir_B,dx_A,dy_A,dx_B,dy_B,pair,dframes,approach_speed,ttc,relative_angle,trajectory_angle_diff,v_rel
NQXpqL8dL8s_00,14,19,1,109.46159143736219,0.0,-0.8379812250083899,0.0,-0.7373180916691816,,,4.5,-5.0,1_19,,0.0,9999.0,48.012787504183336,42.24521481128405,0.0
NQXpqL8dL8s_00,16,19,1,100.79310492290631,-0.5100623368520205,-0.5880026035475676,-0.5100623368520205,-0.7229793534014918,14.300000000000011,-8.0,6.0,-4.0,1_19,2.0,4.334243257227939,23.255064134856788,4.4656483357789005,12.19924643480181,4.606788469204989
NQXpqL8dL8s_00,18,19,1,92.29436602523471,-1.0014831356942346,-0.6107259643892086,-0.7433668573991005,-0.7145266998302491,8.0,-12.5,5.0,-3.5,1_19,2.0,4.2493694488358,21.71954383738524,22.388736730248517,1.6524193091874615,4.743416490252569
NQXpqL8dL8s_00,20,19,1,85.43266354269895,-0.7159911144162996,-0.6747409422235527,-0.7350342855794891,-0.7116087412265877,10.0,-8.699999999999989,5.0,-4.0,1_19,2.0,3.430851241267881,24.901302194357765,2.3634607708323028,1.342184824217772,3.4311076928595483
NQXpqL8dL8s_00,28,19,1,61.36334410704814,-1.0240074859056492,-1.0325746251834182,-0.7634924347945082,-0.7789549535930406,7.0,-11.5,12.0,-20.099999999999994,1_19,8.0,3.0086649294563506,20.395539398977263,0.49086092311692486,0.885937067797599,1.2434830115445883
