video_name,frame_idx,track_A,track_B,distance,dir_A,dir_B,traj_dir_A,traj_dir_B,dx_A,dy_A,dx_B,dy_B,pair,dframes,approach_speed,ttc,relative_angle,trajectory_angle_diff,v_rel
OcSiHrgFRNs_00,88,2,1,0.14999999999999147,3.141592653589793,2.2381024617732574,2.498091544796524,2.5591047000212237,-0.30000000000001137,0.0,-1.3000000000000114,1.6499999999999915,1_2,,0.0,9999.0,51.766174822552685,3.4957962891518637,0.0
