video_name,frame_idx,track_A,track_B,distance,dir_A,dir_B,traj_dir_A,traj_dir_B,dx_A,dy_A,dx_B,dy_B,pair,dframes,approach_speed,ttc,relative_angle,trajectory_angle_diff,v_rel
OmriwRCPF7M_00,162,2,1,836.9169448039632,2.8791332537635004,1.5707963267948966,2.856945423587442,1.570796326794843,-3.349999999999909,0.9000000000000341,0.0,14.400000000000091,1_2,,0.0,9999.0,74.96218409641682,73.69091507077873,0.0
OmriwRCPF7M_00,163,2,1,839.7821205527063,-3.0148251184884223,0.0,2.9007461983483824,1.570796326794843,-5.099999999999909,-0.6500000000000341,0.0,0.0,1_2,1.0,-2.865175748743013,9999.0,172.73675525941493,76.20051460398375,5.14125471067123
OmriwRCPF7M_00,164,2,1,842.2453992156918,-3.1020093796527113,0.0,2.9277368964545145,1.5707963267946439,-5.050000000000182,-0.1999999999999318,0.0,0.0,1_2,1.0,-2.4632786629855445,9999.0,177.73204546409502,77.74696769158827,5.0539588443122305
OmriwRCPF7M_00,165,2,1,845.7089156441479,-2.8896373594711635,0.0,2.969174549124561,1.5707963267946439,-5.050000000000182,-1.3000000000000114,0.0,0.0,1_2,1.0,-3.463516428456046,9999.0,165.5640250210252,80.12117030251095,5.214642844912954
OmriwRCPF7M_00,166,2,1,848.0382553281427,-3.141592653589782,0.0,2.983258408374164,1.5707963267946439,-5.049999999999727,-5.684341886080802e-14,0.0,0.0,1_2,1.0,-2.3293396839948173,9999.0,179.99999999999937,80.92811599676948,5.049999999999727
OmriwRCPF7M_00,172,2,1,856.9272037343663,2.9522506108958346,0.0,2.9732731225151197,1.570796326790349,-28.700000000000045,5.5,0.0,0.0,1_2,6.0,-1.4814914010372793,9999.0,169.15150006925035,80.35600126006065,4.8703752992511395
