video_name,frame_idx,track_A,track_B,distance,dir_A,dir_B,traj_dir_A,traj_dir_B,dx_A,dy_A,dx_B,dy_B,pair,dframes,approach_speed,ttc,relative_angle,trajectory_angle_diff,v_rel
oPdIw4WJ6ZU_00,33,5,2,494.7585496987395,-1.4353446353119104,0.0,-2.279044710795445,-1.5707963267948966,4.0,-29.350000000000023,0.0,0.0,2_5,,0.0,9999.0,82.23918975011678,40.57964325019228,0.0
oPdIw4WJ6ZU_00,34,5,2,498.838475861676,-1.4931086848653667,0.33929261445398873,-2.2234017456993977,-0.058755822715801105,0.6499999999998636,-8.350000000000023,0.8500000000000227,0.2999999999999545,2_5,1.0,-4.079926162936488,9999.0,104.98886082528736,124.02507552716072,8.652311829794375
oPdIw4WJ6ZU_00,35,5,2,498.9484066514293,0.982793723247304,-2.158798930342639,-2.224175533737383,-0.493941368919623,0.7000000000000455,1.0500000000000114,-0.20000000000004547,-0.2999999999999545,2_5,1.0,-0.10993078975332082,9999.0,179.99999999999142,99.13511521340051,1.622498073958817
oPdIw4WJ6ZU_00,51,5,2,532.8785250880355,-1.437783539918386,0.0,-1.9770906367045364,2.692869309579092,6.650000000000091,-49.69999999999999,0.0,0.0,2_5,16.0,-2.120632402287889,9999.0,82.37892869070285,92.43100458280745,3.1339325460394005
oPdIw4WJ6ZU_00,52,5,2,533.479170165059,-1.5208379310729991,0.0,-1.9740694094577866,2.692869309579092,0.049999999999954525,-1.0,0.0,0.0,2_5,1.0,-0.6006450770235006,9999.0,87.13759477389085,92.60410815299615,1.001249219725037
