video_name,frame_idx,track_A,track_B,distance,dir_A,dir_B,traj_dir_A,traj_dir_B,dx_A,dy_A,dx_B,dy_B,pair,dframes,approach_speed,ttc,relative_angle,trajectory_angle_diff,v_rel
OXVXsdDT9QQ_00,70,8,6,1482.9046968703012,0.0,0.0,1.5707963267948966,0.0,0.0,0.0,,,6_8,,0.0,9999.0,0.0,90.0,0.0
OXVXsdDT9QQ_00,72,8,6,1484.0869457346494,-1.5707963267948966,1.695151321341658,0.0,1.695151321341658,0.0,-0.30000000000001137,-0.25,2.0,6_8,2.0,-0.5911244321740696,9999.0,172.87498365109818,97.1250163489018,1.1567735301259332
OXVXsdDT9QQ_00,74,8,6,1485.3881647569433,0.0,-2.2531128816696446,0.0,-2.62244653934327,0.0,0.0,-3.25,-4.0,6_8,2.0,-0.6506095111469676,9999.0,129.0938588862295,150.25511870305778,2.576941016011038
OXVXsdDT9QQ_00,76,8,6,1487.390332091748,0.0,-2.356194490192345,0.0,-2.4668517113662403,0.0,0.0,-4.0,-4.0,6_8,2.0,-1.0010836674023267,9999.0,135.0,141.3401917459099,2.8284271247461903
