video_name,frame_idx,track_A,track_B,distance,dir_A,dir_B,traj_dir_A,traj_dir_B,dx_A,dy_A,dx_B,dy_B,pair,dframes,approach_speed,ttc,relative_angle,trajectory_angle_diff,v_rel
p-8rTEjl_30_00,130,4,3,310.97527232884613,0.0,-2.4636921642179983,0.0,-2.762097909920894,,,-3.8500000000000227,-3.1000000000000227,3_4,,0.0,9999.0,141.15916302914303,158.25655284037308,0.0
p-8rTEjl_30_00,131,4,3,304.5184271928384,1.3876855095324079,-2.896613990462933,1.3876855095324079,-2.76803816545044,0.25,1.349999999999966,-6.600000000000023,-1.6499999999999773,3_4,1.0,6.4568451360077574,47.16210793017733,114.52772048025811,121.8945726008866,7.478134794184976
p-8rTEjl_30_00,132,4,3,290.0695950974524,0.7853981633974483,-2.878477178127764,1.249045772398244,-2.778074799741627,0.30000000000001137,0.30000000000001137,-14.850000000000023,-4.000000000000028,3_4,1.0,14.448832095385967,20.07564301270288,150.07540626855226,129.26298762607604,15.748412618419717
p-8rTEjl_30_00,137,4,3,273.10720422573996,0.9505468408120674,-2.940778952855403,1.4487802605792395,-2.7879046094847637,0.5,0.6999999999999886,-25.299999999999955,-5.150000000000006,3_4,5.0,3.3924781743424886,80.50374687485561,137.04345531245852,117.25583781840103,5.2909828954552385
p-8rTEjl_30_00,138,4,3,270.59610122838063,1.379611867197848,-2.389738949754023,1.4452309233173657,-2.7774774743113557,0.3000000000000682,1.5500000000000682,-3.8500000000000227,-3.6000000000000227,3_4,1.0,2.5111029973593304,107.75985752593135,144.03210668446889,118.0566307014236,6.614000302388993
