video_name,frame_idx,track_A,track_B,distance,dir_A,dir_B,traj_dir_A,traj_dir_B,dx_A,dy_A,dx_B,dy_B,pair,dframes,approach_speed,ttc,relative_angle,trajectory_angle_diff,v_rel
PVYTq0m-OR0_00,14,3,1,145.58969743769654,0.0,2.677945044588987,0.0,-2.5182230529269143,,,-0.7000000000000455,0.35000000000002274,1_3,,0.0,9999.0,153.434948822922,144.2835528052615,0.0
PVYTq0m-OR0_00,16,3,1,148.2001686908622,-0.5558708091541665,-1.5707963267948966,-0.5558708091541665,-2.512796367174362,3.2999999999999545,-2.0500000000000114,0.0,-0.05000000000001137,1_3,2.0,-1.305235626582828,9999.0,58.15094868094422,112.12357529584071,1.9293781381574544
PVYTq0m-OR0_00,24,3,1,155.96823394524927,-0.6838617506575828,1.4687894088847875,-0.6465131478772395,2.683932996972908,7.2999999999999545,-5.949999999999989,0.6499999999999773,6.349999999999966,1_3,8.0,-0.9710081567983835,9999.0,123.33782620572063,169.17949200447092,1.7478223057565028
