video_name,frame_idx,track_A,track_B,distance,dir_A,dir_B,traj_dir_A,traj_dir_B,dx_A,dy_A,dx_B,dy_B,pair,dframes,approach_speed,ttc,relative_angle,trajectory_angle_diff,v_rel
QGE0dV-iaSY_00,0,3,2,163.86347976288064,0.0,0.0,0.0,0.0,,,,,2_3,,0.0,9999.0,0.0,0.0,0.0
QGE0dV-iaSY_00,2,3,2,153.36394621944234,0.42913603974634196,1.3757760593899753,0.42913603974634196,1.3757760593899753,16.5,7.5499999999999545,4.0,20.25,2_3,2.0,5.249766771719152,29.21347802451421,54.23847784376154,54.23847784376154,8.90982603646111
QGE0dV-iaSY_00,4,3,2,126.01587201618692,0.4505906796660562,-1.8836257877742988,0.4405303406165118,2.4370985893475785,18.5,8.949999999999989,-6.0,-18.55000000000001,2_3,2.0,13.674037101627711,9.215703532147534,133.74075205426846,114.3949341621161,18.415346860702897
QGE0dV-iaSY_00,6,3,2,109.84904414695652,0.5092186425584243,-0.4366271598135351,0.4644020411473746,2.0344439357957027,18.0,10.050000000000011,1.5,-0.6999999999999886,2_3,2.0,8.083413934615201,13.589436967536132,54.192972546078224,89.95677422207264,9.84647779665399
QGE0dV-iaSY_00,14,3,2,51.459595800977674,0.3518166794456865,0.09966865249116579,0.3983361565478596,0.5245141608436976,79.0,29.0,3.0,0.30000000000001137,2_3,8.0,7.298681043247355,7.050533582172004,14.44701775704496,7.229467113535091,10.154809513230663
QGE0dV-iaSY_00,16,3,2,56.0779814187351,0.9723774333163594,0.0,0.44512852828005206,0.4228539261329418,7.5,11.0,2.0,0.0,2_3,2.0,-2.309192808878713,9999.0,55.71312302279104,1.2762406933624586,6.149186938124422
QGE0dV-iaSY_00,18,3,2,53.600373133029585,0.2639637236257046,-2.2264919530364287,0.42521988341595734,0.33109607670413216,18.5,5.0,-1.0,-1.3000000000000114,2_3,2.0,1.2388041428527572,43.26783490536039,142.69259933713784,5.392896876292715,10.246218814762841
QGE0dV-iaSY_00,20,12,3,530.7361891749987,0.0,0.3767930633219349,0.0,0.4191198135409686,,,23.25,9.199999999999989,3_12,,0.0,9999.0,21.588652278152452,24.013796426207517,0.0
QGE0dV-iaSY_00,22,12,3,520.6164519106171,0.0,0.42562246833963147,0.0,0.4197310507385274,0.0,0.0,18.75,8.5,3_12,2.0,5.059868632190785,102.8912981255018,24.38637110180139,24.048817737909037,10.29335343802009
