video_name,frame_idx,track_A,track_B,distance,dir_A,dir_B,traj_dir_A,traj_dir_B,dx_A,dy_A,dx_B,dy_B,pair,dframes,approach_speed,ttc,relative_angle,trajectory_angle_diff,v_rel
QQ3MyzcyOL4_00,191,13,1,74.16609737609227,-1.581805056361481,0.0,-1.6031010628604014,-1.152571997215726,-0.30000000000001137,-27.25,0.0,0.0,1_13,,0.0,9999.0,90.63075374196617,25.81341400941232,0.0
QQ3MyzcyOL4_00,192,13,1,65.60384897244978,-1.7329951602582783,0.0,-1.6330426783981513,0.0,-1.3499999999999943,-8.25,1.200000000000017,0.0,1_13,1.0,8.562248403642485,7.661988519807613,99.29330859939708,93.56645323695388,8.635102778774556
