video_name,frame_idx,track_A,track_B,distance,dir_A,dir_B,traj_dir_A,traj_dir_B,dx_A,dy_A,dx_B,dy_B,pair,dframes,approach_speed,ttc,relative_angle,trajectory_angle_diff,v_rel
rNLWvxHU5E4_00,399,12,7,403.22381502088894,0.0,-1.5707963267948966,0.0,0.5070985043923297,,,0.0,-0.04999999999999716,7_12,,0.0,9999.0,90.0,29.054604099076734,0.0
rNLWvxHU5E4_00,407,12,7,410.3142484730454,3.0267160481729074,2.84309372200361,1.6912860727830608,0.27829965900509795,-1.2999999999999545,0.14999999999997726,-0.6499999999999773,0.19999999999999574,7_12,8.0,-0.8863041815195558,9999.0,10.52078431387536,80.95815801880306,0.08149003006503046
rNLWvxHU5E4_00,408,12,7,411.07908302417917,2.1645459935056754,-3.0172376590430665,1.7733050634131384,0.4636476090008819,-1.3500000000000227,2.0,-0.40000000000009095,-0.04999999999999716,7_12,1.0,-0.764834551133788,9999.0,63.10566635907293,75.03784474566932,2.259424705538969
rNLWvxHU5E4_00,409,12,7,409.9451945077537,3.0267160481729074,0.12435499454672645,1.8629427763358395,0.27829965900509795,-1.2999999999999545,0.14999999999997726,0.40000000000009095,0.04999999999999716,7_12,1.0,1.1338885164254862,361.53924179431743,166.29303899592296,90.79336265750561,1.7029386365926844
rNLWvxHU5E4_00,413,12,7,409.75610123584494,1.5707963267948966,0.0,1.9597102829923045,0.11065722117389275,0.0,1.6999999999999886,0.6499999999999773,0.0,7_12,4.0,0.04727331797718648,8667.80921604843,90.0,105.9429365379375,0.4550068680800277
rNLWvxHU5E4_00,93,8,7,376.62692415704964,1.5707963267948966,-2.2236429578956574,2.6341445233114156,-0.2267988480538811,0.0,2.3999999999999773,-0.6499999999999773,-0.8499999999999943,7_8,,0.0,9999.0,142.59464336859222,163.91998060516042,0.0
rNLWvxHU5E4_00,94,8,7,376.3482728803202,2.797623533866437,-1.5707963267948966,2.642081863002194,-0.2267988480538915,-3.3500000000000227,1.1999999999999886,0.0,-7.105427357601002e-15,7_8,1.0,0.2786512767294198,1350.6066697328204,109.70797884297843,164.3747566700043,3.5584406697316373
