video_name,frame_idx,track_A,track_B,distance,dir_A,dir_B,traj_dir_A,traj_dir_B,dx_A,dy_A,dx_B,dy_B,pair,dframes,approach_speed,ttc,relative_angle,trajectory_angle_diff,v_rel
S4pRVJ-We44_00,140,27,10,271.9294761514463,0.0,0.9969104324984853,0.0,0.8459868286355854,,,3.2000000000000455,4.949999999999989,10_27,,0.0,9999.0,57.118760334724755,48.47147480447626,0.0
S4pRVJ-We44_00,142,27,10,277.6539212761095,0.0,0.8279256980172358,0.0,0.8440883779253638,0.0,0.0,4.5,4.900000000000034,10_27,2.0,-2.8622225623315956,9999.0,47.43664824681032,48.36270159116695,3.326409475695992
S4pRVJ-We44_00,144,27,10,282.55393290485273,-2.214297435588249,1.0763365546039776,-2.214297435588249,0.8656733490155167,-0.1500000000000341,-0.20000000000001705,3.099999999999966,5.75,10_27,2.0,-2.4500058143716217,9999.0,171.46056043969187,176.46932698139253,3.3898746289501696
S4pRVJ-We44_00,146,27,10,289.147267841147,2.8421709430397545e-13,0.7614792808995323,-1.8157749899218276,0.855691728284868,0.10000000000002274,2.842170943040401e-14,5.350000000000023,5.099999999999966,10_27,2.0,-3.296667468147149,9999.0,43.6295489821838,153.06376806290845,3.659661869626734
S4pRVJ-We44_00,148,27,10,296.3560907084584,0.0,0.9015397902774366,-1.8157749899218276,0.8602683136951944,0.0,0.0,5.300000000000011,6.699999999999989,10_27,2.0,-3.6044114336556845,9999.0,51.65442504600649,153.3259870915013,4.271416626834707
