video_name,frame_idx,track_A,track_B,distance,dir_A,dir_B,traj_dir_A,traj_dir_B,dx_A,dy_A,dx_B,dy_B,pair,dframes,approach_speed,ttc,relative_angle,trajectory_angle_diff,v_rel
s80RaghtMRk_03,0,3,2,426.31473115528155,0.0,0.0,0.0,0.0,,,,,2_3,,0.0,9999.0,0.0,0.0,0.0
s80RaghtMRk_03,2,3,2,431.0823587204654,1.659452208662334,1.4536875822280322,1.659452208662334,1.4536875822280322,-2.0,22.5,2.0,17.0,2_3,2.0,-2.383813782591915,9999.0,11.789444667771509,11.789444667771509,3.400367627183861
s80RaghtMRk_03,10,3,2,428.06541556168725,-1.2924966677897851,1.5195591593914777,1.5707963267948966,1.4994888620096063,4.0,-14.0,2.0,39.0,2_3,8.0,0.37711789484726665,1135.0970648981122,161.11893065265596,4.085616779974873,6.62971530308806
s80RaghtMRk_03,12,3,2,433.8274426543346,1.6539375586833378,1.3397056595989996,1.6033051950769206,1.4780400066067527,-2.0,24.0,2.0,8.5,2_3,2.0,-2.881013546323686,9999.0,18.00416160591338,7.177166619251442,8.00390529679106
s80RaghtMRk_03,14,3,2,430.0558103316359,-1.2722973952087173,0.8960553845713438,1.5295825641365763,1.4519559822271313,4.0,-13.0,2.0,2.5,2_3,2.0,1.8858161613493678,228.0475791574062,124.2374627768575,4.447675521437789,7.814249804043892
s80RaghtMRk_03,16,3,2,436.2754290582957,1.7782925532300993,1.0516502125483735,1.5707963267948966,1.4100335861690618,-2.0,9.5,4.0,7.0,2_3,2.0,-3.1098093633299015,9999.0,41.6335393365702,9.21102654081667,3.25
s80RaghtMRk_03,18,3,2,429.8884302932564,0.04164257909858842,1.5707963267948966,1.4681540212165531,1.4191043939903107,6.0,0.25,0.0,4.5,2_3,2.0,3.193499382519633,134.61359430546673,87.61405596961119,2.8103366267536636,3.6763602924631855
s80RaghtMRk_03,20,3,2,427.873813173931,1.1309537439791604,1.5707963267948966,1.4434885849240424,1.427212933148428,2.0,4.25,0.0,4.5,2_3,2.0,1.0073085596627038,424.76936095649194,25.20112364547508,0.9325261555673099,1.0077822185373186
