video_name,frame_idx,track_A,track_B,distance,dir_A,dir_B,traj_dir_A,traj_dir_B,dx_A,dy_A,dx_B,dy_B,pair,dframes,approach_speed,ttc,relative_angle,trajectory_angle_diff,v_rel
vMzEXTNSTzw_00,130,7,3,24.44999999999999,3.080856635442503,2.5819608140907007,3.080856635442503,2.9728425511694927,-22.19999999999999,1.3499999999999943,-8.699999999999989,5.449999999999989,3_7,,0.0,9999.0,28.584624980170965,6.188751156813886,0.0
vMzEXTNSTzw_00,131,7,3,24.055196943695954,-3.1082716577115477,-2.9441970937399122,3.0920301014889366,3.0036507530485697,-3.0,-0.09999999999999432,-2.5,-0.5,3_7,1.0,0.3948030563040348,60.92961176362128,9.400780041023948,5.063763661749144,0.6403124237432885
vMzEXTNSTzw_00,132,7,3,7.716216689544159,1.6403702618654667,-2.0344439357957027,2.604547718687375,3.052418018850904,-1.0,14.349999999999994,-1.0,-2.0,3_7,1.0,16.338980254151796,0.4722581562324515,149.4486559792611,25.66107796862754,16.349999999999994
vMzEXTNSTzw_00,136,7,3,23.00135865552294,3.01913159617245,3.035327790698713,3.1087195971599857,3.040246150324125,-3.25,0.4000000000000057,-7.5,0.8000000000000114,3_7,4.0,-3.821285491494695,9999.0,0.9279735905277542,3.9232395124082435,1.0671955069245749
vMzEXTNSTzw_00,169,7,3,0.15811388300842796,2.7685097208978937,2.884268938618705,2.8155441313887812,2.980261965895739,-59.400000000000006,23.25,-1.9000000000000057,0.5,3_7,33.0,0.6922195385610458,0.22841580481404475,6.6325146151385,9.437636727783037,1.8738479778948958
