video_name,frame_idx,track_A,track_B,distance,dir_A,dir_B,traj_dir_A,traj_dir_B,dx_A,dy_A,dx_B,dy_B,pair,dframes,approach_speed,ttc,relative_angle,trajectory_angle_diff,v_rel
vVeLx1IopnM_00,134,25,21,59.481089431852205,0.0,1.5707963267948966,0.0,1.7359450042095235,,,0.0,1.5,21_25,,0.0,9999.0,90.0,99.46232220802563,0.0
vVeLx1IopnM_00,134,26,21,492.2936115774813,0.0,1.5707963267948966,0.0,1.7359450042095235,,,0.0,1.5,21_26,,0.0,9999.0,90.0,99.46232220802563,0.0
vVeLx1IopnM_00,137,26,22,678.1519003881062,0.2267988480538859,-1.849095985800008,0.22434667052664792,-1.849095985800008,52.0,12.0,-6.0,-21.0,22_26,,0.0,9999.0,118.94001269283936,118.79951326991181,0.0
vVeLx1IopnM_00,134,26,25,516.9535762522588,0.0,0.0,0.0,0.0,,,,,25_26,,0.0,9999.0,0.0,0.0,0.0
vVeLx1IopnM_00,135,26,25,548.2727993435385,0.19873067254123541,2.356194490192345,0.19873067254123541,2.356194490192345,36.0,7.25,-1.0,1.0,25_26,1.0,-31.319223091279696,9999.0,123.61357120359081,123.61357120359081,37.5241588846439
vVeLx1IopnM_00,134,21,2,59.70343373709757,1.5707963267948966,0.0,1.7359450042095235,0.0,0.0,1.5,,,2_21,,0.0,9999.0,90.0,99.46232220802563,0.0
vVeLx1IopnM_00,134,25,2,47.56574397610112,0.0,0.0,0.0,0.0,,,,,2_25,,0.0,9999.0,0.0,0.0,0.0
vVeLx1IopnM_00,134,26,2,469.5322140173132,0.0,0.0,0.0,0.0,,,,,2_26,,0.0,9999.0,0.0,0.0,0.0
