video_name,frame_idx,track_A,track_B,distance,dir_A,dir_B,traj_dir_A,traj_dir_B,dx_A,dy_A,dx_B,dy_B,pair,dframes,approach_speed,ttc,relative_angle,trajectory_angle_diff,v_rel
XESYC4RcqGQ_01,114,14,13,371.8756277305627,0.0,0.0,0.0,1.8724153730611546,,,0.0,0.0,13_14,,0.0,9999.0,0.0,107.28149837181769,0.0
XESYC4RcqGQ_01,115,14,13,371.3291161490033,3.141592653589793,1.5707963267948966,3.141592653589793,1.8244704229335509,-0.35000000000002274,0.0,0.0,0.4500000000000455,13_14,1.0,0.5465115815594004,679.4533339796085,90.0,75.46554491945922,0.5700877125496189
XESYC4RcqGQ_01,116,14,13,371.8290601876083,0.0,-1.5707963267948966,0.0,1.8662371639386333,0.35000000000002274,0.0,0.0,-0.4000000000000341,13_14,1.0,-0.49994403860500825,9999.0,90.0,106.927513064148,0.5315072906367732
XESYC4RcqGQ_01,117,14,13,372.83559714705353,0.0,-1.5253730473732563,0.0,2.067219080199748,0.0,0.0,0.05000000000006821,-1.099999999999966,13_14,1.0,-1.0065369594452136,9999.0,87.39743779749656,118.4429286243616,1.101135777277231
XESYC4RcqGQ_01,118,14,13,372.78900868990223,0.0,1.5707963267948966,0.0,2.0503156187874785,0.0,0.0,0.0,0.049999999999954525,13_14,1.0,0.046588457151301554,8001.746172431202,90.0,117.47443162627631,0.049999999999954525
XESYC4RcqGQ_01,119,14,13,372.1006886583254,3.141592653589793,1.5707963267948966,3.141592653589793,1.9566789961929532,-1.0,0.0,0.0,0.35000000000002274,13_14,1.0,0.6883200315768363,540.5925610008754,90.0,67.89055165624931,1.059481005020862
XESYC4RcqGQ_01,120,14,13,372.20911125333834,0.0,0.0,3.141592653589793,1.9566789961929532,0.2999999999999545,0.0,0.0,0.0,13_14,1.0,-0.10842259501293938,9999.0,0.0,67.89055165624931,0.2999999999999545
XESYC4RcqGQ_01,121,14,13,371.88283773253096,0.0,1.5707963267948966,3.141592653589793,1.8925468811915214,0.0,0.0,0.0,0.35000000000002274,13_14,1.0,0.32627352080737637,1139.7885945886524,90.0,71.56505117707898,0.35000000000002274
XESYC4RcqGQ_01,122,14,13,371.57802007115544,0.0,1.5707963267948966,0.0,1.8203832522318717,0.7000000000000455,0.0,0.0,0.5999999999999659,13_14,1.0,0.30481766137552313,1219.0173574404084,90.0,104.30027744918505,0.9219544457293011
