video_name,frame_idx,track_A,track_B,distance,dir_A,dir_B,traj_dir_A,traj_dir_B,dx_A,dy_A,dx_B,dy_B,pair,dframes,approach_speed,ttc,relative_angle,trajectory_angle_diff,v_rel
Y5oIfasCYJM_00,0,3,1,631.8530703415154,0.0,0.0,0.0,0.0,,,,,1_3,,0.0,9999.0,0.0,0.0,0.0
Y5oIfasCYJM_00,2,3,1,635.8036961201153,2.9441970937399096,1.5364455829968717,2.9441970937399096,1.5364455829968717,-2.0,0.4000000000000057,0.5,14.550000000000011,1_3,2.0,-1.9753128892999712,9999.0,80.65822016874164,80.65822016874164,7.184575491982811
Y5oIfasCYJM_00,4,3,1,628.1115048301535,2.804917834203068,-1.5353501865361818,2.896613990462928,0.42285392613293127,-1.0,0.34999999999999787,0.5,-14.100000000000023,1_3,2.0,3.846095644980892,163.31146253469578,111.3209604560417,141.73601121411986,7.263823029231931
Y5oIfasCYJM_00,6,3,1,630.7163090486879,1.5707963267948966,1.5707963267948966,2.865495634194355,1.419294444826622,0.0,0.10000000000000142,0.0,6.100000000000023,1_3,2.0,-1.3024021092671774,9999.0,0.0,82.86122447757104,3.0000000000000107
Y5oIfasCYJM_00,8,3,1,637.3831834148122,2.638749442661932,1.635431088038849,2.8049178342030645,1.5707963267948966,-1.0,0.5500000000000007,-1.0,15.449999999999989,1_3,2.0,-3.3334371830621308,9999.0,57.4859072279127,70.70995378081118,7.449999999999994
Y5oIfasCYJM_00,16,3,1,623.8361643893371,1.5707963267948966,1.5707963267948966,2.739722006149336,-0.6435011087932845,0.0,0.29999999999999716,0.0,2.0,1_3,8.0,1.6933773781843797,368.3976014007033,0.0,166.155594362684,0.21250000000000036
Y5oIfasCYJM_00,18,3,1,623.1115550204473,0.0,-1.5707963267948966,2.739722006149336,-0.9212469046592389,0.0,0.0,0.0,-1.6999999999999886,1_3,2.0,0.3623046844448936,1719.8550881977965,90.0,150.24193248206277,0.8499999999999943
