video_name,frame_idx,track_A,track_B,distance,dir_A,dir_B,traj_dir_A,traj_dir_B,dx_A,dy_A,dx_B,dy_B,pair,dframes,approach_speed,ttc,relative_angle,trajectory_angle_diff,v_rel
YkJBdoMtBfU_01,2,2,1,212.09962281908943,0.0,0.0,0.0,0.0,,,,,1_2,,0.0,9999.0,0.0,0.0,0.0
YkJBdoMtBfU_01,4,2,1,209.81539505002962,0.0,1.0303768265243125,0.0,1.0303768265243125,0.5,0.0,3.0,5.0,1_2,2.0,1.1421138845299055,183.70794532139826,59.03624346792648,59.03624346792648,2.7950849718747373
