video_name,frame_idx,track_A,track_B,distance,dir_A,dir_B,traj_dir_A,traj_dir_B,dx_A,dy_A,dx_B,dy_B,pair,dframes,approach_speed,ttc,relative_angle,trajectory_angle_diff,v_rel
YXj8m_rAyaE_00,200,11,7,520.3017321708627,1.5707963267948966,-2.50990201925082,-1.5707963267948966,-2.225628395392726,0.0,0.04999999999999716,-2.049999999999983,-1.5,7_11,,0.0,9999.0,126.19320730556491,37.51911382047683,0.0
