video_name,frame_idx,track_A,track_B,distance,dir_A,dir_B,traj_dir_A,traj_dir_B,dx_A,dy_A,dx_B,dy_B,pair,dframes,approach_speed,ttc,relative_angle,trajectory_angle_diff,v_rel
Z52L6jGdSkY_14_00,30,2,1,526.1140988416867,3.141592653589793,-0.6142089224414401,3.141592653589793,-0.6103379162907155,-4.0,0.0,8.650000000000091,-6.099999999999994,1_2,,0.0,9999.0,144.80842100482735,145.03021331973306,0.0
Z52L6jGdSkY_14_00,33,2,1,527.4880946523817,0.0,-0.4018706474404541,3.141592653589793,-0.5748886012700887,0.6499999999999773,0.0,2.0,-0.8499999999999943,1_2,3.0,-0.45799860356502603,9999.0,23.025492008527902,147.0613094570447,0.5317685377847993
Z52L6jGdSkY_14_00,45,2,1,529.275365476233,-3.0770059931651237,-0.457659656616905,3.141592653589793,-0.5482604268770092,-10.050000000000068,-0.6499999999999773,3.349999999999909,-1.6500000000000057,1_2,12.0,-0.14893923532093822,9999.0,150.07749016726666,148.5869914659065,1.1197718021493865
Z52L6jGdSkY_14_00,48,2,1,525.2538076968124,0.0,1.0370881351555714,0.0,-0.4704502251556133,7.350000000000023,0.0,0.650000000000091,1.0999999999999943,1_2,3.0,1.3405192598068727,391.8286170483557,59.42077312750734,26.95481237239596,2.263232692902371
Z52L6jGdSkY_14_00,51,2,1,525.322420043158,0.0,-1.5707963267948966,0.0,-0.543425503240463,2.6499999999999773,0.0,0.0,-1.4000000000000057,1_2,3.0,-0.022870782115205657,9999.0,90.0,31.135987815451372,0.999027304709708
Z52L6jGdSkY_14_00,54,2,1,530.8619994876258,3.141592653589793,-1.5707963267948966,3.141592653589793,-0.5989482180109317,-10.0,0.0,0.0,-1.1499999999999773,1_2,3.0,-1.8465264814892635,9999.0,90.00000000000001,145.68279496109213,3.3553026026806507
Z52L6jGdSkY_14_00,84,2,1,535.4886460047495,0.0,-0.7483780475234904,0.0,-0.5599871019228856,8.700000000000045,0.0,0.7000000000000455,-0.6500000000000057,1_2,30.0,-0.15422155057079104,9999.0,42.878903603336944,32.08489752194361,0.2675454270877295
Z52L6jGdSkY_14_00,87,2,1,539.1038791364797,3.141592653589793,-0.344218682982453,0.0,-0.5395471538794756,-3.3500000000000227,0.0,2.650000000000091,-0.9499999999999886,1_2,3.0,-1.2050777105767263,9999.0,160.2777222355538,30.913774765589533,2.024914264303041
Z52L6jGdSkY_14_00,90,2,1,539.9522988190716,3.141592653589793,-2.3750601762140615,0.0,-0.6018442016102181,-0.7000000000000455,0.0,-1.3500000000001364,-1.3000000000000114,1_2,3.0,-0.2828065608639842,9999.0,43.9190758133367,34.48313267668612,0.48448139512497135
