video_name,frame_idx,track_A,track_B,distance,dir_A,dir_B,traj_dir_A,traj_dir_B,dx_A,dy_A,dx_B,dy_B,pair,dframes,approach_speed,ttc,relative_angle,trajectory_angle_diff,v_rel
Z52L6jGdSkY_11_00,0,2,1,371.3977551089936,0.0,0.0,0.0,0.0,,,,,1_2,,0.0,9999.0,0.0,0.0,0.0
Z52L6jGdSkY_11_00,0,3,1,392.5478474020714,0.0,0.0,0.0,0.0,,,,,1_3,,0.0,9999.0,0.0,0.0,0.0
Z52L6jGdSkY_11_00,0,4,1,728.5828659116271,0.0,0.0,0.0,0.0,,,,,1_4,,0.0,9999.0,0.0,0.0,0.0
Z52L6jGdSkY_11_00,0,3,2,154.60300773270876,0.0,0.0,0.0,0.0,,,,,2_3,,0.0,9999.0,0.0,0.0,0.0
Z52L6jGdSkY_11_00,0,4,2,609.6761435385183,0.0,0.0,0.0,0.0,,,,,2_4,,0.0,9999.0,0.0,0.0,0.0
Z52L6jGdSkY_11_00,0,4,3,456.4227097768033,0.0,0.0,0.0,0.0,,,,,3_4,,0.0,9999.0,0.0,0.0,0.0
Z52L6jGdSkY_11_00,45,8,6,198.61981900102512,0.0,-2.8559614976420695,0.0,-2.8559614976420695,,,-38.65000000000009,-11.349999999999994,6_8,,0.0,9999.0,163.6345402667524,163.6345402667524,0.0
Z52L6jGdSkY_11_00,57,8,6,274.96185644558045,1.750649826587375,3.1072311836306614,0.2096011843366619,-3.030112178849746,-2.0,11.0,-48.0,1.6500000000000057,6_8,12.0,-6.361836453712944,9999.0,77.72638632471015,174.37809745728518,3.911718949373649
Z52L6jGdSkY_11_00,60,8,6,270.8021048662657,-1.892546881191545,-3.0350458026906795,-0.05722910634466073,-3.0305924576951515,-4.650000000000091,-13.949999999999989,-9.350000000000023,-1.0,6_8,3.0,1.3865838597715765,195.30164220350667,65.46036630014876,170.36117099125724,4.592173293284504
