video_name,frame_idx,track_id,class_id,x1,y1,x2,y2
-dqVECYKOk4_00,86,1,0,669.0000006910568,196.09999975,702.9999993089432,208.40000025
-dqVECYKOk4_00,134,4,0,663.0,128.5,746.0,183.5
-dqVECYKOk4_00,136,4,0,649.5,129.8,734.5,184.8
-dqVECYKOk4_00,138,4,0,633.0,135.0,723.0,189.0
-dqVECYKOk4_00,140,4,0,616.0,136.8,708.0,195.8
-dqVECYKOk4_00,142,4,0,582.0,141.2,680.0,202.2
-dqVECYKOk4_00,144,4,0,532.0,145.8,644.0,214.8
-dqVECYKOk4_00,344,3,0,685.0,138.1,731.0,154.9
