video_name,frame_idx,track_id,class_id,x1,y1,x2,y2
3oxYxwfTwro_00,58,1,0,1.260917024126229e-07,280.19999975,23.0999998739083,326.00000025
3oxYxwfTwro_00,138,2,1,197.1000004211672,140.79999975,293.79999957883274,198.20000025
