video_name,frame_idx,track_id,class_id,x1,y1,x2,y2
4IUmjPBj5ik_00,23,1,0,263.0000004976103,167.99999975,533.6999995023898,304.00000024999997
