video_name,frame_idx,track_id,class_id,x1,y1,x2,y2
4tXvj7hHsNA_01,10,1,0,550.7000003968121,101.19999975,597.9999996031879,131.00000025
4tXvj7hHsNA_01,12,1,0,556.0,105.1,598.7,130.6
4tXvj7hHsNA_01,102,3,1,590.7,438.0,845.3,662.7
