video_name,frame_idx,track_id,class_id,x1,y1,x2,y2
651RQwxB3WA_12_00,18,1,0,179.80000037349396,143.69999975,192.19999962650604,152.00000025
651RQwxB3WA_12_00,41,2,0,93.00000031547614,9.399999750000015,98.29999968452387,13.600000249999985
651RQwxB3WA_12_00,42,2,0,95.0,10.2,100.2,14.5
