video_name,frame_idx,track_id,class_id,x1,y1,x2,y2
ALFF5620ljk_3_00,18,1,1,442.70000038805966,95.99999975000001,484.29999961194034,122.80000025
ALFF5620ljk_3_00,24,1,1,445.5,96.0,484.3,122.3
ALFF5620ljk_3_00,134,2,2,480.1,42.8,508.2,122.3
ALFF5620ljk_3_00,136,2,2,480.1,42.7,508.2,120.9
ALFF5620ljk_3_00,138,3,1,71.1,124.0,96.2,144.0
ALFF5620ljk_3_00,138,2,2,480.4,42.9,508.5,123.6
ALFF5620ljk_3_00,140,3,1,71.1,124.0,96.2,144.0
