video_name,frame_idx,track_id,class_id,x1,y1,x2,y2
BGxp7NOV0AQ_00,60,1,1,834.5000004882812,557.99999975,959.4999995117188,622.00000025
