video_name,frame_idx,track_id,class_id,x1,y1,x2,y2
BSNh9UoKY54_1_00,2,1,1,1030.7000007948718,153.49999975,1278.6999992051283,231.50000025
BSNh9UoKY54_1_00,4,1,1,1038.7,152.9,1278.7,232.3
BSNh9UoKY54_1_00,8,1,1,1033.3,153.5,1278.7,232.2
BSNh9UoKY54_1_00,10,1,1,1033.3,153.2,1278.7,232.0
BSNh9UoKY54_1_00,60,9,0,186.7,0.2,279.3,42.3
