video_name,frame_idx,track_id,class_id,x1,y1,x2,y2
bwW_wL4TwZg_2_00,68,1,0,234.30000057874014,215.29999975,263.69999942125986,228.00000025
bwW_wL4TwZg_2_00,70,1,0,234.3,215.3,263.7,228.0
bwW_wL4TwZg_2_00,74,1,0,233.5,214.7,263.8,228.0
bwW_wL4TwZg_2_00,88,2,0,236.7,215.7,266.0,227.7
