video_name,frame_idx,track_id,class_id,x1,y1,x2,y2
CkI203kbHQ8_11_00,10,1,1,3.0400301653799033e-07,124.39999975,80.49999969599699,190.60000025
CkI203kbHQ8_11_00,30,3,0,255.4,81.9,295.8,120.9
CkI203kbHQ8_11_00,32,3,0,255.0,82.4,295.8,121.0
CkI203kbHQ8_11_00,34,3,0,252.9,82.5,295.4,121.2
