video_name,frame_idx,track_id,class_id,x1,y1,x2,y2
h50TQ3i9k5I_0_00,35,1,0,712.700000181694,9.899999750000001,725.999999818306,28.200000249999995
h50TQ3i9k5I_0_00,36,1,0,713.3,10.0,726.7,27.8
h50TQ3i9k5I_0_00,152,2,1,918.7,212.7,1129.3,415.0
h50TQ3i9k5I_0_00,153,2,1,916.0,214.0,1129.3,415.7
h50TQ3i9k5I_0_00,154,2,1,917.3,215.3,1129.3,416.0
h50TQ3i9k5I_0_00,155,2,1,918.7,215.7,1129.3,414.3
h50TQ3i9k5I_0_00,156,2,1,920.0,216.3,1129.3,412.3
h50TQ3i9k5I_0_00,280,2,1,920.0,217.3,1144.0,420.3
