video_name,frame_idx,track_id,class_id,x1,y1,x2,y2
IbJBE53NXZc_00,39,1,0,725.3000005113636,148.79999975,797.2999994886363,184.00000025
IbJBE53NXZc_00,104,2,0,2.8935184914757883e-07,434.69999974999996,62.499999710648154,488.70000025
