video_name,frame_idx,track_id,class_id,x1,y1,x2,y2
IOxe9lyfZRA_00,68,1,0,341.60000039887643,167.99999975,355.79999960112366,176.90000024999998
