video_name,frame_idx,track_id,class_id,x1,y1,x2,y2
jI0_0zPf6BQ_00,2,1,0,1.993150640089425e-07,137.29999975,29.099999800684937,173.80000025
jI0_0zPf6BQ_00,14,3,0,0.10000110156241604,316.19999975,42.39999889843759,325.80000025
jI0_0zPf6BQ_00,14,2,0,80.30000021068074,148.69999975,116.19999978931926,191.30000025
jI0_0zPf6BQ_00,84,6,2,296.3,44.0,353.0,88.5
