video_name,frame_idx,track_id,class_id,x1,y1,x2,y2
k932VZGqE6c_2_00,0,1,0,315.30000011749996,125.99999975,319.9999998825,136.00000025
k932VZGqE6c_2_00,9,2,0,255.30000030056175,44.09999975,265.9999996994382,53.00000024999999
k932VZGqE6c_2_00,12,2,0,255.5,44.9,266.2,53.1
k932VZGqE6c_2_00,171,5,0,233.3,62.7,247.3,73.2
k932VZGqE6c_2_00,177,5,0,232.0,62.8,246.0,73.6
k932VZGqE6c_2_00,180,5,0,231.0,62.9,245.0,74.4
k932VZGqE6c_2_00,186,5,0,231.5,63.0,246.2,74.7
k932VZGqE6c_2_00,201,5,0,231.7,64.7,245.0,75.8
k932VZGqE6c_2_00,225,5,0,229.0,66.0,243.7,78.0
