video_name,frame_idx,track_id,class_id,x1,y1,x2,y2
k932VZGqE6c_1_00,15,1,1,167.60000017961164,26.29999975000001,174.99999982038838,36.600000249999994
k932VZGqE6c_1_00,18,1,1,167.2,26.3,174.8,35.5
k932VZGqE6c_1_00,39,2,1,185.20000030898873,23.199999750000003,196.19999969101124,32.100000249999994
k932VZGqE6c_1_00,78,3,0,128.5,35.9,136.5,43.1
k932VZGqE6c_1_00,183,5,0,174.0,69.9,194.0,86.1
k932VZGqE6c_1_00,186,5,0,174.2,68.2,190.2,86.0
