video_name,frame_idx,track_id,class_id,x1,y1,x2,y2
MsQns-Oy-hk_00,60,1,0,1792.0000002162162,494.99999975000003,1919.9999997837838,643.00000025
MsQns-Oy-hk_00,63,1,0,1675.0,466.5,1919.0,626.5
MsQns-Oy-hk_00,75,2,0,1436.0000004842104,432.49999975000003,1619.9999995157896,527.50000025
MsQns-Oy-hk_00,114,6,0,352.8,313.0,465.2,398.0
MsQns-Oy-hk_00,117,6,0,325.0,305.0,462.0,406.5
