video_name,frame_idx,track_id,class_id,x1,y1,x2,y2
N6zJ2inqJn0_2_00,36,1,0,153.90000032911394,177.99999975,226.6999996708861,233.30000025
N6zJ2inqJn0_2_00,38,1,0,162.4,183.7,239.0,242.3
N6zJ2inqJn0_2_00,74,2,0,200.7,280.7,302.7,392.0
N6zJ2inqJn0_2_00,76,2,0,196.3,282.7,303.0,394.0
N6zJ2inqJn0_2_00,78,2,0,193.0,282.7,304.3,393.7
N6zJ2inqJn0_2_00,80,2,0,202.0,283.0,304.0,393.3
