video_name,frame_idx,track_id,class_id,x1,y1,x2,y2
nbSL1Tri9gc_00,87,1,0,125.20000041088326,87.99999975,177.29999958911674,119.70000024999999
nbSL1Tri9gc_00,90,1,0,125.2,88.0,177.5,120.0
nbSL1Tri9gc_00,96,1,0,125.2,88.0,177.5,119.8
nbSL1Tri9gc_00,99,1,0,125.2,88.0,177.5,120.0
nbSL1Tri9gc_00,102,1,0,125.2,88.0,177.5,119.8
nbSL1Tri9gc_00,105,1,0,125.2,88.0,177.5,120.0
nbSL1Tri9gc_00,108,1,0,125.2,88.0,177.5,120.0
nbSL1Tri9gc_00,111,1,0,125.2,88.0,177.5,120.0
nbSL1Tri9gc_00,114,1,0,125.2,88.0,177.5,120.0
