video_name,frame_idx,track_id,class_id,x1,y1,x2,y2
nsHYg3ENgk4_6_00,33,1,2,8.694958353316906e-08,489.99999975000003,54.49999991305042,646.70000025
nsHYg3ENgk4_6_00,117,2,0,191.00000048609883,606.6999997500001,411.2999995139011,720.00000025
