video_name,frame_idx,track_id,class_id,x1,y1,x2,y2
NW8ZJK5zv_M_00,6,1,0,413.000000245169,187.09999975,433.29999975483094,207.80000024999998
NW8ZJK5zv_M_00,8,1,0,412.6,187.1,433.3,207.8
NW8ZJK5zv_M_00,10,1,0,413.0,187.1,433.3,207.8
NW8ZJK5zv_M_00,12,1,0,413.0,187.1,432.8,207.6
NW8ZJK5zv_M_00,14,1,0,412.6,186.9,433.7,208.0
NW8ZJK5zv_M_00,16,1,0,413.0,187.0,433.3,207.7
NW8ZJK5zv_M_00,18,1,0,413.4,187.0,433.7,207.7
NW8ZJK5zv_M_00,94,12,0,761.1,243.0,813.4,280.1
