video_name,frame_idx,track_id,class_id,x1,y1,x2,y2
pYs0DHkGyec_00,27,1,6,270.30000014460785,94.49999975,305.69999985539215,155.70000025
pYs0DHkGyec_00,92,2,0,718.7000002107143,313.29999975,801.2999997892857,411.30000025000004
pYs0DHkGyec_00,168,4,0,352.0,705.3,413.3,718.7
pYs0DHkGyec_00,169,4,0,352.0,705.3,413.3,718.7
pYs0DHkGyec_00,170,4,0,352.0,705.3,413.3,718.7
pYs0DHkGyec_00,171,4,0,352.0,705.3,413.3,718.7
pYs0DHkGyec_00,172,4,0,352.0,705.3,413.3,718.7
pYs0DHkGyec_00,173,4,0,351.3,705.3,412.7,718.7
pYs0DHkGyec_00,174,4,0,351.7,705.3,413.0,718.7
