video_name,frame_idx,track_id,class_id,x1,y1,x2,y2
swAfXA86Sk8_00,71,1,1,23.200000164473686,218.69999975,65.69999983552631,283.30000025000004
