video_name,frame_idx,track_id,class_id,x1,y1,x2,y2
upawiSphDM8_2_00,6,1,0,337.3000005528571,11.799999750000005,375.99999944714284,29.300000249999997
upawiSphDM8_2_00,9,1,0,337.7,11.7,376.3,29.2
upawiSphDM8_2_00,78,3,1,162.2,177.3,290.3,273.3
upawiSphDM8_2_00,81,3,1,161.3,176.0,290.3,275.7
upawiSphDM8_2_00,84,3,1,160.5,175.7,291.2,275.0
