video_name,frame_idx,track_id,class_id,x1,y1,x2,y2
video33_00,0,1,0,305.50000020238093,99.89999975,313.99999979761907,110.40000025
video33_00,10,2,1,157.7000007469135,0.19999975000000791,181.89999925308652,8.300000249999993
video33_00,38,2,1,151.8,0.1,177.0,13.2
video33_00,40,2,1,150.6,0.0,182.7,13.6
video33_00,42,2,1,150.3,0.0,181.7,13.4
