video_name,frame_idx,track_id,class_id,x1,y1,x2,y2
Vtp5G_Z5BZQ_00,0,1,1,428.00000023214284,194.99999975,466.99999976785716,237.00000025
Vtp5G_Z5BZQ_00,52,4,0,146.4,251.2,179.4,280.2
Vtp5G_Z5BZQ_00,53,4,0,146.1,245.0,179.9,281.0
Vtp5G_Z5BZQ_00,55,4,0,145.2,252.5,179.2,284.0
Vtp5G_Z5BZQ_00,56,4,0,145.8,255.8,179.8,284.2
Vtp5G_Z5BZQ_00,58,4,0,144.8,259.0,178.2,288.0
