video_name,frame_idx,track_id,class_id,x1,y1,x2,y2
Vtp5G_Z5BZQ_01,20,1,0,335.0000003502155,285.79999975000004,399.9999996497845,332.20000024999996
Vtp5G_Z5BZQ_01,21,1,0,338.0,286.0,400.0,332.0
Vtp5G_Z5BZQ_01,22,1,0,340.2,285.5,399.8,331.5
Vtp5G_Z5BZQ_01,23,1,0,336.5,286.2,399.5,331.8
Vtp5G_Z5BZQ_01,24,1,0,335.5,285.5,400.0,331.5
Vtp5G_Z5BZQ_01,25,1,0,335.0,285.5,400.0,331.5
