video_name,frame_idx,track_id,class_id,x1,y1,x2,y2
Wuq6RfJ-yPY_00,354,1,1,3.278157123531855e-07,523.49999975,384.1999996721843,816.50000025
Wuq6RfJ-yPY_00,356,1,1,0.0,536.5,391.0,859.5
