video_name,frame_idx,track_id,class_id,x1,y1,x2,y2
y-yIv_dFHuc_00,6,1,2,416.90000030311285,347.19999975,794.6999996968871,658.80000025
y-yIv_dFHuc_00,8,1,2,441.9,357.5,774.0,652.5
y-yIv_dFHuc_00,10,1,2,399.6,366.3,746.1,666.9
y-yIv_dFHuc_00,12,1,2,366.3,372.4,672.3,666.0
