video_name,frame_idx,track_id,class_id,x1,y1,x2,y2
YkJBdoMtBfU_01,2,2,0,865.5000004032258,599.99999975,915.4999995967742,631.00000025
YkJBdoMtBfU_01,2,1,0,645.0000003489583,597.99999975,711.9999996510417,646.00000025
YkJBdoMtBfU_01,4,2,0,867.0,600.0,915.0,631.0
YkJBdoMtBfU_01,4,1,0,636.0,603.0,727.0,651.0
YkJBdoMtBfU_01,320,26,0,248.1,298.5,282.0,343.5
YkJBdoMtBfU_01,322,26,0,247.2,299.5,279.8,343.5
YkJBdoMtBfU_01,324,26,0,248.8,299.5,280.2,344.0
YkJBdoMtBfU_01,326,26,0,248.4,299.8,279.5,343.8
YkJBdoMtBfU_01,328,26,0,248.9,299.5,279.0,344.5
