video_name,frame_idx,track_id,class_id,x1,y1,x2,y2
Z52L6jGdSkY_0_00,6,1,1,683.3000002779003,487.99999975000003,935.2999997220996,714.70000025
