video_name,frame_idx,track_id,class_id,x1,y1,x2,y2
ZvegJ-6a3ow_00,84,1,1,709.3000003230468,302.99999975000003,874.6999996769532,431.00000024999997
