video_name,frame_idx,track_id,class_id,x1,y1,x2,y2,cx,cy,dx,dy,dframes,velocity,direction,acceleration,direction_change,rolling_dx,rolling_dy,traj_direction,curvature
-dqVECYKOk4_00,86,1,0,669.0000006910568,196.09999975,702.9999993089432,208.40000025,686.0,202.25,,,,0.0,0.0,0.0,0.0,,,0.0,0.0
-dqVECYKOk4_00,134,4,0,663.0,128.5,746.0,183.5,704.5,156.0,,,,0.0,0.0,0.0,0.0,,,0.0,0.0
-dqVECYKOk4_00,136,4,0,649.5,129.8,734.5,184.8,692.0,157.3,-12.5,1.3000000000000114,2.0,6.283709095749103,3.0379651935929206,0.0,0.0,-12.5,1.3000000000000114,3.0379651935929206,0.0
-dqVECYKOk4_00,138,4,0,633.0,135.0,723.0,189.0,678.0,162.0,-14.0,4.699999999999989,2.0,7.3839352651550225,2.8177007748428813,0.5501130847029598,-0.22026441875003935,-13.25,3.0,2.918931712953428,0.07342147291667979
-dqVECYKOk4_00,140,4,0,616.0,136.8,708.0,195.8,662.0,166.3,-16.0,4.300000000000011,2.0,8.283869868606098,2.8790462518496933,0.4499673017255379,0.06134547700681204,-14.166666666666666,3.433333333333337,2.9038240707345704,0.0938699652522838
-dqVECYKOk4_00,142,4,0,582.0,141.2,680.0,202.2,631.0,171.7,-31.0,5.399999999999977,2.0,15.73340395464376,2.9691295820629637,3.724767043018831,0.09008333021327043,-18.375,3.924999999999997,2.9311498174409856,0.12389774199004061
-dqVECYKOk4_00,144,4,0,532.0,145.8,644.0,214.8,588.0,180.3,-43.0,8.600000000000023,2.0,21.925783908448977,2.944197093739912,3.0961899769026084,-0.024932488323051945,-23.3,4.860000000000002,2.935957332956472,0.05878709851437814
-dqVECYKOk4_00,344,3,0,685.0,138.1,731.0,154.9,708.0,146.5,,,,0.0,0.0,0.0,0.0,,,0.0,0.0
