video_name,frame_idx,track_id,class_id,x1,y1,x2,y2,cx,cy,dx,dy,dframes,velocity,direction,acceleration,direction_change,rolling_dx,rolling_dy,traj_direction,curvature
-wlnF8vCVMo_00,13,1,2,874.0000001387097,341.49999975000003,959.9999998612903,496.50000025,917.0,419.0,,,,0.0,0.0,0.0,0.0,,,0.0,0.0
-wlnF8vCVMo_00,20,2,2,699.0000002833333,325.49999975000003,766.9999997166667,385.50000025,733.0,355.5,,,,0.0,0.0,0.0,0.0,,,0.0,0.0
-wlnF8vCVMo_00,21,2,2,673.0,323.8,741.0,398.8,707.0,361.3,-26.0,5.800000000000011,1.0,26.639069052802878,2.922109375648298,0.0,0.0,-26.0,5.800000000000011,2.922109375648298,0.0
-wlnF8vCVMo_00,63,9,0,488.0,656.5,575.0,704.5,531.5,680.5,,,,0.0,0.0,0.0,0.0,,,0.0,0.0
-wlnF8vCVMo_00,193,11,1,840.0,223.6,959.0,339.5,899.5,281.55,,,,0.0,0.0,0.0,0.0,,,0.0,0.0
-wlnF8vCVMo_00,294,15,1,333.5,187.8,420.0,225.2,376.75,206.5,,,,0.0,0.0,0.0,0.0,,,0.0,0.0
