video_name,frame_idx,track_id,class_id,x1,y1,x2,y2,cx,cy,dx,dy,dframes,velocity,direction,acceleration,direction_change,rolling_dx,rolling_dy,traj_direction,curvature
4tXvj7hHsNA_01,10,1,0,550.7000003968121,101.19999975,597.9999996031879,131.00000025,574.35,116.1,,,,0.0,0.0,0.0,0.0,,,0.0,0.0
4tXvj7hHsNA_01,12,1,0,556.0,105.1,598.7,130.6,577.35,117.85,3.0,1.75,2.0,1.7365554986812255,0.5280744484263596,0.0,0.0,3.0,1.75,0.5280744484263596,0.0
4tXvj7hHsNA_01,102,3,1,590.7,438.0,845.3,662.7,718.0,550.35,,,,0.0,0.0,0.0,0.0,,,0.0,0.0
