video_name,frame_idx,track_id,class_id,x1,y1,x2,y2,cx,cy,dx,dy,dframes,velocity,direction,acceleration,direction_change,rolling_dx,rolling_dy,traj_direction,curvature
5m8QzQubYOI_00,17,1,0,234.0000002272727,34.49999975000001,239.9999997727273,41.10000024999999,237.0,37.8,,,,0.0,0.0,0.0,0.0,,,0.0,0.0
5m8QzQubYOI_00,23,2,1,166.2000001632653,15.499999750000006,175.7999998367347,30.200000249999995,171.0,22.85,,,,0.0,0.0,0.0,0.0,,,0.0,0.0
5m8QzQubYOI_00,26,2,1,166.8,15.6,175.2,29.5,171.0,22.55,0.0,-0.3000000000000007,3.0,0.10000000000000024,-1.5707963267948966,0.0,0.0,0.0,-0.3000000000000007,-1.5707963267948966,0.0
