video_name,frame_idx,track_id,class_id,x1,y1,x2,y2,cx,cy,dx,dy,dframes,velocity,direction,acceleration,direction_change,rolling_dx,rolling_dy,traj_direction,curvature
5Vhz1P2k8Ds_00,34,1,1,674.7000001600962,504.69999975,707.9999998399038,556.7000002500001,691.35,530.7,,,,0.0,0.0,0.0,0.0,,,0.0,0.0
5Vhz1P2k8Ds_00,44,2,0,288.70000020522383,343.29999975000004,299.69999979477615,356.70000025,294.2,350.0,,,,0.0,0.0,0.0,0.0,,,0.0,0.0
5Vhz1P2k8Ds_00,190,15,1,392.0,374.0,426.7,415.3,409.35,394.65,,,,0.0,0.0,0.0,0.0,,,0.0,0.0
5Vhz1P2k8Ds_00,199,19,0,244.0,641.3,296.0,720.0,270.0,680.65,,,,0.0,0.0,0.0,0.0,,,0.0,0.0
5Vhz1P2k8Ds_00,200,19,0,244.0,641.3,296.0,720.0,270.0,680.65,0.0,0.0,1.0,0.0,0.0,0.0,0.0,0.0,0.0,0.0,0.0
5Vhz1P2k8Ds_00,201,19,0,244.3,642.3,296.0,720.0,270.15,681.15,0.14999999999997726,0.5,1.0,0.522015325445521,1.279339532317071,0.522015325445521,1.279339532317071,0.07499999999998863,0.25,1.279339532317071,0.426446510772357
5Vhz1P2k8Ds_00,202,19,0,244.3,641.3,296.0,720.0,270.15,680.65,0.0,-0.5,1.0,0.5,-1.5707963267948966,-0.022015325445520983,-2.8501358591119677,0.04999999999999242,0.0,0.0,1.3764917971430128
