video_name,frame_idx,track_id,class_id,x1,y1,x2,y2,cx,cy,dx,dy,dframes,velocity,direction,acceleration,direction_change,rolling_dx,rolling_dy,traj_direction,curvature
651RQwxB3WA_12_00,18,1,0,179.80000037349396,143.69999975,192.19999962650604,152.00000025,186.0,147.85,,,,0.0,0.0,0.0,0.0,,,0.0,0.0
651RQwxB3WA_12_00,41,2,0,93.00000031547614,9.399999750000015,98.29999968452388,13.600000249999985,95.65,11.5,,,,0.0,0.0,0.0,0.0,,,0.0,0.0
651RQwxB3WA_12_00,42,2,0,95.0,10.2,100.2,14.5,97.6,12.35,1.9499999999999886,0.8499999999999996,1.0,2.127204738618254,0.41106454738986636,0.0,0.0,1.9499999999999886,0.8499999999999996,0.41106454738986636,0.0
