video_name,frame_idx,track_id,class_id,x1,y1,x2,y2,cx,cy,dx,dy,dframes,velocity,direction,acceleration,direction_change,rolling_dx,rolling_dy,traj_direction,curvature
651RQwxB3WA_2_00,0,1,0,102.00000018085105,8.099999750000002,112.19999981914894,22.200000249999995,107.1,15.149999999999999,,,,0.0,0.0,0.0,0.0,,,0.0,0.0
651RQwxB3WA_2_00,1,2,0,77.70000025401929,34.29999975,109.29999974598071,65.40000025,93.5,49.85,,,,0.0,0.0,0.0,0.0,,,0.0,0.0
651RQwxB3WA_2_00,3,3,0,96.0000002739726,16.199999750000003,111.9999997260274,30.80000025,104.0,23.5,,,,0.0,0.0,0.0,0.0,,,0.0,0.0
651RQwxB3WA_2_00,6,3,0,86.8,24.6,107.8,41.8,97.3,33.2,-6.700000000000003,9.700000000000003,3.0,3.9296593010364442,2.1752680294382234,0.0,0.0,-6.700000000000003,9.700000000000003,2.1752680294382234,0.0
