video_name,frame_idx,track_id,class_id,x1,y1,x2,y2,cx,cy,dx,dy,dframes,velocity,direction,acceleration,direction_change,rolling_dx,rolling_dy,traj_direction,curvature
8h2Xq-MfXPE_00,9,1,2,1033.0000004935064,381.49999975,1184.9999995064936,458.50000025,1109.0,420.0,,,,0.0,0.0,0.0,0.0,,,0.0,0.0
8h2Xq-MfXPE_00,11,1,2,1032.0,381.5,1186.0,458.5,1109.0,420.0,0.0,0.0,2.0,0.0,0.0,0.0,0.0,0.0,0.0,0.0,0.0
8h2Xq-MfXPE_00,237,1,2,1032.0,376.5,1178.0,458.0,1105.0,417.25,-4.0,-2.75,226.0,0.021478415751048228,-2.539305307454829,9.503723783649658e-05,-2.539305307454829,-2.0,-1.375,-2.539305307454829,0.8464351024849429
8h2Xq-MfXPE_00,238,1,2,1032.0,376.0,1184.0,458.0,1108.0,417.0,3.0,-0.25,1.0,3.010398644698074,-0.08314123188844123,2.9889202289470256,2.4561640755663876,-0.3333333333333333,-1.0,-1.8925468811915387,1.6651564610070722
8h2Xq-MfXPE_00,239,1,2,1034.0,376.0,1174.0,458.5,1104.0,417.25,-4.0,0.25,1.0,4.00780488547035,3.0791738435938356,0.9974062407722757,-3.1208702316973094,-1.25,-0.6875,-2.6387494426619322,2.7054465382395088
8h2Xq-MfXPE_00,240,1,2,1032.0,376.0,1164.0,459.0,1098.0,417.5,-6.0,0.25,1.0,6.005206074732157,3.0999500744912045,1.997401189261807,0.0207762308973689,-2.2,-0.5,-2.91811605244916,1.8659368460536887
