video_name,frame_idx,track_id,class_id,x1,y1,x2,y2,cx,cy,dx,dy,dframes,velocity,direction,acceleration,direction_change,rolling_dx,rolling_dy,traj_direction,curvature
9VsL3A3PJ1Q_00,7,1,1,1050.0000003519738,274.99999975000003,1477.9999996480262,579.00000025,1264.0,427.0,,,,0.0,0.0,0.0,0.0,,,0.0,0.0
9VsL3A3PJ1Q_00,13,2,1,880.000000427907,240.99999975,1063.999999572093,348.50000025,972.0,294.75,,,,0.0,0.0,0.0,0.0,,,0.0,0.0
