video_name,frame_idx,track_id,class_id,x1,y1,x2,y2,cx,cy,dx,dy,dframes,velocity,direction,acceleration,direction_change,rolling_dx,rolling_dy,traj_direction,curvature
AJKLxHzIHYY_19_00,12,1,0,292.0,60.4,320.0,73.7,306.0,67.05,,,,0.0,0.0,0.0,0.0,,,0.0,0.0
AJKLxHzIHYY_19_00,14,1,0,292.0,60.3,320.0,73.6,306.0,66.94999999999999,0.0,-0.10000000000000853,2.0,0.05000000000000426,-1.5707963267948966,0.0,0.0,0.0,-0.10000000000000853,-1.5707963267948966,0.0
AJKLxHzIHYY_19_00,16,1,0,292.0,60.8,320.0,73.7,306.0,67.25,0.0,0.30000000000001137,2.0,0.15000000000000568,1.5707963267948966,0.05000000000000071,3.141592653589793,0.0,0.10000000000000142,1.5707963267948966,1.0471975511965976
