video_name,frame_idx,track_id,class_id,x1,y1,x2,y2,cx,cy,dx,dy,dframes,velocity,direction,acceleration,direction_change,rolling_dx,rolling_dy,traj_direction,curvature
ALFF5620ljk_3_00,18,1,1,442.70000038805966,95.99999975,484.29999961194034,122.80000025,463.5,109.4,,,,0.0,0.0,0.0,0.0,,,0.0,0.0
ALFF5620ljk_3_00,24,1,1,445.5,96.0,484.3,122.3,464.9,109.15,1.3999999999999773,-0.25,6.0,0.23702437755546113,-0.17670885607003942,0.0,0.0,1.3999999999999773,-0.25,-0.17670885607003942,0.0
ALFF5620ljk_3_00,134,2,2,480.1,42.8,508.2,122.3,494.15,82.55,,,,0.0,0.0,0.0,0.0,,,0.0,0.0
ALFF5620ljk_3_00,136,2,2,480.1,42.7,508.2,120.9,494.15,81.80000000000001,0.0,-0.7499999999999858,2.0,0.3749999999999929,-1.5707963267948966,0.0,0.0,0.0,-0.7499999999999858,-1.5707963267948966,0.0
ALFF5620ljk_3_00,138,3,1,71.1,124.0,96.2,144.0,83.65,134.0,,,,0.0,0.0,0.0,0.0,,,0.0,0.0
ALFF5620ljk_3_00,138,2,2,480.4,42.9,508.5,123.6,494.45,83.25,0.30000000000001137,1.4499999999999886,2.0,0.740354644748038,1.366778347202339,0.18267732237402257,2.9375746739972355,0.15000000000000568,0.3500000000000014,1.1659045405098007,0.9791915579990785
ALFF5620ljk_3_00,140,3,1,71.1,124.0,96.2,144.0,83.65,134.0,0.0,0.0,2.0,0.0,0.0,0.0,0.0,0.0,0.0,0.0,0.0
