video_name,frame_idx,track_id,class_id,x1,y1,x2,y2,cx,cy,dx,dy,dframes,velocity,direction,acceleration,direction_change,rolling_dx,rolling_dy,traj_direction,curvature
ALFF5620ljk_1_00,62,1,0,152.20000056969693,128.09999975,189.79999943030307,144.60000025,171.0,136.35,,,,0.0,0.0,0.0,0.0,,,0.0,0.0
ALFF5620ljk_1_00,66,1,0,140.5,130.2,177.0,144.8,158.75,137.5,-12.25,1.1500000000000057,4.0,3.0759652956429795,3.0479894341969547,0.0,0.0,-12.25,1.1500000000000057,3.0479894341969547,0.0
ALFF5620ljk_1_00,110,2,1,325.1000006164383,264.09999975000005,343.09999938356174,271.40000024999995,334.1,267.75,,,,0.0,0.0,0.0,0.0,,,0.0,0.0
ALFF5620ljk_1_00,218,9,0,53.9,176.3,156.1,215.7,105.0,196.0,,,,0.0,0.0,0.0,0.0,,,0.0,0.0
ALFF5620ljk_1_00,220,9,0,60.6,176.3,157.1,215.7,108.85,196.0,3.8499999999999943,0.0,2.0,1.9249999999999972,0.0,0.0,0.0,3.8499999999999943,0.0,0.0,0.0
ALFF5620ljk_1_00,222,9,0,59.2,176.1,157.1,215.4,108.15,195.75,-0.6999999999999886,-0.25,2.0,0.37165171868295727,-2.7985687131690846,-0.7766741406585199,-2.7985687131690846,1.5750000000000028,-0.125,-0.07919907096945136,0.9328562377230282
ALFF5620ljk_1_00,224,9,0,61.3,176.1,157.5,215.2,109.4,195.64999999999998,1.25,-0.10000000000002274,2.0,0.6269968101992235,-0.0798299857122554,0.1276725457581331,2.718738727456829,1.4666666666666686,-0.11666666666667425,-0.07937831455957853,1.8391024802086378
ALFF5620ljk_1_00,226,9,0,56.4,175.8,158.5,213.5,107.45,194.65,-1.9500000000000028,-0.9999999999999716,2.0,1.095730350040551,-2.667741317095045,0.2343667699206638,-2.5879113313827893,0.6125000000000007,-0.3374999999999986,-0.5036262961240939,2.701739590669568
