video_name,frame_idx,track_id,class_id,x1,y1,x2,y2,cx,cy,dx,dy,dframes,velocity,direction,acceleration,direction_change,rolling_dx,rolling_dy,traj_direction,curvature
BSNh9UoKY54_1_00,2,1,1,1030.7000007948718,153.49999975,1278.6999992051285,231.50000025,1154.7000000000003,192.5,,,,0.0,0.0,0.0,0.0,,,0.0,0.0
BSNh9UoKY54_1_00,4,1,1,1038.7,152.9,1278.7,232.3,1158.7,192.60000000000002,3.9999999999997726,0.10000000000002274,2.0,2.0006249023741423,0.02499479361892726,0.0,0.0,3.9999999999997726,0.10000000000002274,0.02499479361892726,0.0
BSNh9UoKY54_1_00,8,1,1,1033.3,153.5,1278.7,232.2,1156.0,192.85,-2.7000000000000455,0.24999999999997158,4.0,0.6778873431478231,3.049263318858206,-0.33068438980657977,3.0242685252392785,0.6499999999998636,0.17499999999999716,0.2629947316809681,1.0080895084130927
BSNh9UoKY54_1_00,10,1,1,1033.3,153.2,1278.7,232.0,1156.0,192.6,0.0,-0.25,2.0,0.125,-1.5707963267948966,-0.27644367157391153,1.6631256615264844,0.43333333333324237,0.03333333333333144,0.07677189126978974,1.5624647289219211
BSNh9UoKY54_1_00,60,9,0,186.7,0.2,279.3,42.3,233.0,21.25,,,,0.0,0.0,0.0,0.0,,,0.0,0.0
