video_name,frame_idx,track_id,class_id,x1,y1,x2,y2,cx,cy,dx,dy,dframes,velocity,direction,acceleration,direction_change,rolling_dx,rolling_dy,traj_direction,curvature
bwW_wL4TwZg_2_00,68,1,0,234.3000005787401,215.29999975,263.69999942125986,228.00000025,249.0,221.65,,,,0.0,0.0,0.0,0.0,,,0.0,0.0
bwW_wL4TwZg_2_00,70,1,0,234.3,215.3,263.7,228.0,249.0,221.65,0.0,0.0,2.0,0.0,0.0,0.0,0.0,0.0,0.0,0.0,0.0
bwW_wL4TwZg_2_00,74,1,0,233.5,214.7,263.8,228.0,248.65,221.35,-0.3499999999999943,-0.30000000000001137,4.0,0.11524430571616187,-2.432966381462096,0.028811076429040468,-2.432966381462096,-0.17499999999999716,-0.15000000000000568,-2.432966381462096,0.8109887938206987
bwW_wL4TwZg_2_00,88,2,0,236.7,215.7,266.0,227.7,251.35,221.7,,,,0.0,0.0,0.0,0.0,,,0.0,0.0
