video_name,frame_idx,track_id,class_id,x1,y1,x2,y2,cx,cy,dx,dy,dframes,velocity,direction,acceleration,direction_change,rolling_dx,rolling_dy,traj_direction,curvature
bwW_wL4TwZg_1_00,0,1,0,97.50000029687496,49.799999750000005,112.69999970312502,62.60000025,105.1,56.2,,,,0.0,0.0,0.0,0.0,,,0.0,0.0
bwW_wL4TwZg_1_00,2,1,0,95.8,48.0,110.5,61.4,103.15,54.7,-1.9499999999999886,-1.5,2.0,1.2300914600142498,-2.485897027348254,0.0,0.0,-1.9499999999999886,-1.5,-2.485897027348254,0.0
bwW_wL4TwZg_1_00,4,1,0,94.8,47.7,108.2,58.6,101.5,53.150000000000006,-1.6500000000000057,-1.5499999999999972,2.0,1.131923142267178,-2.3874343236226157,-0.0490841588735359,0.09846270372563828,-1.7999999999999972,-1.5249999999999986,-2.438713444625326,0.032820901241879426
bwW_wL4TwZg_1_00,10,1,0,91.3,44.4,102.3,55.2,96.8,49.8,-4.700000000000003,-3.3500000000000085,6.0,0.9619496983846009,-2.5223502166119562,-0.028328907313762863,-0.13491589298934062,-2.7666666666666657,-2.133333333333335,-2.4847335607411805,0.07779286557165964
bwW_wL4TwZg_1_00,54,3,0,111.6,63.6,130.9,74.0,121.25,68.8,,,,0.0,0.0,0.0,0.0,,,0.0,0.0
