video_name,frame_idx,track_id,class_id,x1,y1,x2,y2,cx,cy,dx,dy,dframes,velocity,direction,acceleration,direction_change,rolling_dx,rolling_dy,traj_direction,curvature
c_u8oPMBGEI_02,65,1,0,1028.0,205.0,1080.0,237.0,1054.0,221.0,,,,0.0,0.0,0.0,0.0,,,0.0,0.0
c_u8oPMBGEI_02,66,1,0,1028.0,205.2,1080.0,237.2,1054.0,221.2,0.0,0.19999999999998863,1.0,0.19999999999998863,1.5707963267948966,0.0,0.0,0.0,0.19999999999998863,1.5707963267948966,0.0
c_u8oPMBGEI_02,68,1,0,1028.0,205.4,1080.0,239.1,1054.0,222.25,0.0,1.0500000000000114,2.0,0.5250000000000057,1.5707963267948966,0.16250000000000853,0.0,0.0,0.625,1.5707963267948966,0.0
c_u8oPMBGEI_02,69,1,0,1028.0,205.2,1080.0,238.2,1054.0,221.7,0.0,-0.5500000000000114,1.0,0.5500000000000114,-1.5707963267948966,0.025000000000005684,-3.141592653589793,0.0,0.23333333333332953,1.5707963267948966,1.0471975511965976
c_u8oPMBGEI_02,70,1,0,1028.0,205.5,1080.0,239.0,1054.0,222.25,0.0,0.5500000000000114,1.0,0.5500000000000114,1.5707963267948966,0.0,3.141592653589793,0.0,0.3125,1.5707963267948966,2.0943951023931953
