video_name,frame_idx,track_id,class_id,x1,y1,x2,y2,cx,cy,dx,dy,dframes,velocity,direction,acceleration,direction_change,rolling_dx,rolling_dy,traj_direction,curvature
CkI203kbHQ8_11_00,10,1,1,3.040030165379904e-07,124.39999975,80.49999969599699,190.60000025,40.25000000000001,157.5,,,,0.0,0.0,0.0,0.0,,,0.0,0.0
CkI203kbHQ8_11_00,30,3,0,255.4,81.9,295.8,120.9,275.6,101.4,,,,0.0,0.0,0.0,0.0,,,0.0,0.0
CkI203kbHQ8_11_00,32,3,0,255.0,82.4,295.8,121.0,275.4,101.7,-0.20000000000004547,0.29999999999999716,2.0,0.18027756377321089,2.1587989303425736,0.0,0.0,-0.20000000000004547,0.29999999999999716,2.1587989303425736,0.0
CkI203kbHQ8_11_00,34,3,0,252.9,82.5,295.4,121.2,274.15,101.85,-1.25,0.14999999999999147,2.0,0.629483915600708,3.0221637275714612,0.22460317591374857,0.8633647972288876,-0.7250000000000227,0.22499999999999432,2.840672419229384,0.2877882657429625
