video_name,frame_idx,track_id,class_id,x1,y1,x2,y2,cx,cy,dx,dy,dframes,velocity,direction,acceleration,direction_change,rolling_dx,rolling_dy,traj_direction,curvature
D6jE82ExHv4_00,26,1,0,936.00000012,669.99999975,959.99999988,720.00000025,948.0,695.0,,,,0.0,0.0,0.0,0.0,,,0.0,0.0
D6jE82ExHv4_00,37,4,1,769.0,387.5,960.0,559.5,864.5,473.5,,,,0.0,0.0,0.0,0.0,,,0.0,0.0
D6jE82ExHv4_00,38,4,1,771.0,379.5,960.0,551.5,865.5,465.5,1.0,-8.0,1.0,8.06225774829855,-1.446441332248135,0.0,0.0,1.0,-8.0,-1.446441332248135,0.0
