video_name,frame_idx,track_id,class_id,x1,y1,x2,y2,cx,cy,dx,dy,dframes,velocity,direction,acceleration,direction_change,rolling_dx,rolling_dy,traj_direction,curvature
EkSE8710mGg_00,23,1,1,1.635977309177861e-07,191.99999975,23.09999983640227,227.30000025,11.55,209.65,,,,0.0,0.0,0.0,0.0,,,0.0,0.0
EkSE8710mGg_00,162,6,4,337.7,332.3,359.0,351.0,348.35,341.65,,,,0.0,0.0,0.0,0.0,,,0.0,0.0
EkSE8710mGg_00,196,6,4,337.7,331.7,357.7,353.0,347.7,342.35,-0.6500000000000341,0.7000000000000455,34.0,0.028095548786094018,2.3191743743184086,0.0,0.0,-0.6500000000000341,0.7000000000000455,2.3191743743184086,0.0
