video_name,frame_idx,track_id,class_id,x1,y1,x2,y2,cx,cy,dx,dy,dframes,velocity,direction,acceleration,direction_change,rolling_dx,rolling_dy,traj_direction,curvature
EN-JKUXkwPQ_7_00,86,3,2,2.1,36.4,47.0,111.4,24.55,73.9,,,,0.0,0.0,0.0,0.0,,,0.0,0.0
EN-JKUXkwPQ_7_00,88,3,2,0.3,36.8,50.0,116.5,25.15,76.65,0.5999999999999979,2.75,2.0,1.4073467945037568,1.3559809263932388,0.0,0.0,0.5999999999999979,2.75,1.3559809263932388,0.0
EN-JKUXkwPQ_7_00,90,3,2,0.0,39.1,85.4,120.1,42.7,79.6,17.550000000000004,2.9499999999999886,2.0,8.898103730570915,0.16653435782104167,3.745378468033579,-1.1894465685721969,9.075000000000001,2.8499999999999943,0.30429596809688864,0.3964821895240656
EN-JKUXkwPQ_7_00,92,3,2,0.0,40.2,90.2,125.4,45.1,82.80000000000001,2.3999999999999986,3.200000000000017,2.0,2.000000000000006,0.927295218001615,-3.4490518652854543,0.7607608601805733,6.8500000000000005,2.9666666666666686,0.40870296689424496,0.6500691429175901
EN-JKUXkwPQ_7_00,176,8,1,31.4,71.9,72.1,111.6,51.75,91.75,,,,0.0,0.0,0.0,0.0,,,0.0,0.0
EN-JKUXkwPQ_7_00,188,10,1,73.2,1.2,108.0,20.4,90.6,10.799999999999999,,,,0.0,0.0,0.0,0.0,,,0.0,0.0
EN-JKUXkwPQ_7_00,190,10,1,73.1,1.2,108.1,20.4,90.6,10.799999999999999,0.0,0.0,2.0,0.0,0.0,0.0,0.0,0.0,0.0,0.0,0.0
