video_name,frame_idx,track_id,class_id,x1,y1,x2,y2,cx,cy,dx,dy,dframes,velocity,direction,acceleration,direction_change,rolling_dx,rolling_dy,traj_direction,curvature
h50TQ3i9k5I_0_00,35,1,0,712.700000181694,9.89999975,725.999999818306,28.200000249999995,719.35,19.049999999999997,,,,0.0,0.0,0.0,0.0,,,0.0,0.0
h50TQ3i9k5I_0_00,36,1,0,713.3,10.0,726.7,27.8,720.0,18.9,0.6499999999999773,-0.14999999999999858,1.0,0.6670832032062942,-0.22679884805389147,0.0,0.0,0.6499999999999773,-0.14999999999999858,-0.22679884805389147,0.0
h50TQ3i9k5I_0_00,152,2,1,918.7,212.7,1129.3,415.0,1024.0,313.85,,,,0.0,0.0,0.0,0.0,,,0.0,0.0
h50TQ3i9k5I_0_00,153,2,1,916.0,214.0,1129.3,415.7,1022.65,314.85,-1.3500000000000227,1.0,1.0,1.6800297616411624,2.5040438554511084,0.0,0.0,-1.3500000000000227,1.0,2.5040438554511084,0.0
h50TQ3i9k5I_0_00,154,2,1,917.3,215.3,1129.3,416.0,1023.3,315.65,0.6499999999999773,0.7999999999999545,1.0,1.0307764064043656,0.8884797719201378,-0.6492533552367967,-1.6155640835309706,-0.35000000000002274,0.8999999999999773,1.9416876156075893,0.5385213611769902
h50TQ3i9k5I_0_00,155,2,1,918.7,215.7,1129.3,414.3,1024.0,315.0,0.7000000000000455,-0.6499999999999773,1.0,0.9552486587271578,-0.7483780475234685,-0.07552774767720782,-1.6368578194436063,0.0,0.38333333333332575,1.5707963267948966,1.084140634324859
h50TQ3i9k5I_0_00,156,2,1,920.0,216.3,1129.3,412.3,1024.65,314.3,0.650000000000091,-0.6999999999999886,1.0,0.9552486587271936,-0.8224182792713004,3.574918139293004e-14,-0.07404023174783193,0.16250000000002274,0.11249999999999716,0.6055446636048928,1.1088207115741364
h50TQ3i9k5I_0_00,280,2,1,920.0,217.3,1144.0,420.3,1032.0,318.8,7.349999999999909,4.5,124.0,0.06950120526882143,0.5493744847715565,-0.0071431246246642915,1.3717927640428569,1.6,0.9899999999999978,0.5540923036074973,1.0275636050780983
