video_name,frame_idx,track_id,class_id,x1,y1,x2,y2,cx,cy,dx,dy,dframes,velocity,direction,acceleration,direction_change,rolling_dx,rolling_dy,traj_direction,curvature
IbJBE53NXZc_00,39,1,0,725.3000005113636,148.79999975,797.2999994886363,184.00000025,761.3,166.4,,,,0.0,0.0,0.0,0.0,,,0.0,0.0
IbJBE53NXZc_00,104,2,0,2.893518491475789e-07,434.69999975,62.49999971064816,488.70000025,31.250000000000007,461.70000000000005,,,,0.0,0.0,0.0,0.0,,,0.0,0.0
