video_name,frame_idx,track_id,class_id,x1,y1,x2,y2,cx,cy,dx,dy,dframes,velocity,direction,acceleration,direction_change,rolling_dx,rolling_dy,traj_direction,curvature
jI0_0zPf6BQ_00,2,1,0,1.993150640089425e-07,137.29999975,29.099999800684937,173.80000025,14.55,155.55,,,,0.0,0.0,0.0,0.0,,,0.0,0.0
jI0_0zPf6BQ_00,14,3,0,0.100001101562416,316.19999975,42.39999889843759,325.80000025,21.25,321.0,,,,0.0,0.0,0.0,0.0,,,0.0,0.0
jI0_0zPf6BQ_00,14,2,0,80.30000021068074,148.69999975,116.19999978931926,191.30000025,98.25,170.0,,,,0.0,0.0,0.0,0.0,,,0.0,0.0
jI0_0zPf6BQ_00,84,6,2,296.3,44.0,353.0,88.5,324.65,66.25,,,,0.0,0.0,0.0,0.0,,,0.0,0.0
