video_name,frame_idx,track_id,class_id,x1,y1,x2,y2,cx,cy,dx,dy,dframes,velocity,direction,acceleration,direction_change,rolling_dx,rolling_dy,traj_direction,curvature
k932VZGqE6c_1_00,15,1,1,167.60000017961164,26.29999975000001,174.99999982038838,36.60000025,171.3,31.450000000000003,,,,0.0,0.0,0.0,0.0,,,0.0,0.0
k932VZGqE6c_1_00,18,1,1,167.2,26.3,174.8,35.5,171.0,30.9,-0.30000000000001137,-0.5500000000000043,3.0,0.20883273476903086,-2.0701430484750394,0.0,0.0,-0.30000000000001137,-0.5500000000000043,-2.0701430484750394,0.0
k932VZGqE6c_1_00,39,2,1,185.20000030898876,23.199999750000003,196.19999969101124,32.100000249999994,190.7,27.65,,,,0.0,0.0,0.0,0.0,,,0.0,0.0
k932VZGqE6c_1_00,78,3,0,128.5,35.9,136.5,43.1,132.5,39.5,,,,0.0,0.0,0.0,0.0,,,0.0,0.0
k932VZGqE6c_1_00,183,5,0,174.0,69.9,194.0,86.1,184.0,78.0,,,,0.0,0.0,0.0,0.0,,,0.0,0.0
k932VZGqE6c_1_00,186,5,0,174.2,68.2,190.2,86.0,182.2,77.1,-1.8000000000000114,-0.9000000000000057,3.0,0.6708203932499411,-2.677945044588987,0.0,0.0,-1.8000000000000114,-0.9000000000000057,-2.677945044588987,0.0
