video_name,frame_idx,track_id,class_id,x1,y1,x2,y2,cx,cy,dx,dy,dframes,velocity,direction,acceleration,direction_change,rolling_dx,rolling_dy,traj_direction,curvature
k932VZGqE6c_2_00,0,1,0,315.3000001175,125.99999975,319.9999998825,136.00000025,317.65,131.0,,,,0.0,0.0,0.0,0.0,,,0.0,0.0
k932VZGqE6c_2_00,9,2,0,255.30000030056172,44.09999975,265.9999996994382,53.00000024999999,260.65,48.55,,,,0.0,0.0,0.0,0.0,,,0.0,0.0
k932VZGqE6c_2_00,12,2,0,255.5,44.9,266.2,53.1,260.85,49.0,0.20000000000004547,0.45000000000000284,3.0,0.16414763002994212,1.1525719972155855,0.0,0.0,0.20000000000004547,0.45000000000000284,1.1525719972155855,0.0
k932VZGqE6c_2_00,171,5,0,233.3,62.7,247.3,73.2,240.3,67.95,,,,0.0,0.0,0.0,0.0,,,0.0,0.0
k932VZGqE6c_2_00,177,5,0,232.0,62.8,246.0,73.6,239.0,68.19999999999999,-1.3000000000000114,0.2499999999999858,6.0,0.22063670491456353,2.9516043656710895,0.0,0.0,-1.3000000000000114,0.2499999999999858,2.9516043656710895,0.0
k932VZGqE6c_2_00,180,5,0,231.0,62.9,245.0,74.4,238.0,68.65,-1.0,0.45000000000001705,3.0,0.3655285366576908,2.718738727456838,0.048297277247709096,-0.2328656382142516,-1.1500000000000057,0.3500000000000014,2.8461518164460733,0.07762187940475053
k932VZGqE6c_2_00,186,5,0,231.5,63.0,246.2,74.7,238.85,68.85,0.8499999999999943,0.19999999999998863,6.0,0.14553540997144016,0.23109066719588592,-0.036665521114375106,-2.487648060260952,-0.483333333333339,0.29999999999999716,2.586098918324259,0.9068378994917344
k932VZGqE6c_2_00,201,5,0,231.7,64.7,245.0,75.8,238.35,70.25,-0.5,1.4000000000000057,15.0,0.09910712498212373,1.9138202672155988,-0.0030952189992877613,1.682729600019713,-0.48750000000000426,0.5749999999999993,2.27402696783065,1.4677477661649723
k932VZGqE6c_2_00,225,5,0,229.0,66.0,243.7,78.0,236.35,72.0,-2.0,1.75,24.0,0.11073068554931927,2.4227626539681686,0.00048431502363314717,0.5089423867525698,-0.7900000000000034,0.8099999999999994,2.3436951411729856,1.5597733490110783
