video_name,frame_idx,track_id,class_id,x1,y1,x2,y2,cx,cy,dx,dy,dframes,velocity,direction,acceleration,direction_change,rolling_dx,rolling_dy,traj_direction,curvature
MsQns-Oy-hk_00,60,1,0,1792.0000002162162,494.99999975,1919.999999783784,643.00000025,1856.0,569.0,,,,0.0,0.0,0.0,0.0,,,0.0,0.0
MsQns-Oy-hk_00,63,1,0,1675.0,466.5,1919.0,626.5,1797.0,546.5,-59.0,-22.5,3.0,21.048225050530455,-2.7772613362772547,0.0,0.0,-59.0,-22.5,-2.7772613362772547,0.0
MsQns-Oy-hk_00,75,2,0,1436.0000004842104,432.49999975,1619.9999995157896,527.50000025,1528.0,480.0,,,,0.0,0.0,0.0,0.0,,,0.0,0.0
MsQns-Oy-hk_00,114,6,0,352.8,313.0,465.2,398.0,409.0,355.5,,,,0.0,0.0,0.0,0.0,,,0.0,0.0
MsQns-Oy-hk_00,117,6,0,325.0,305.0,462.0,406.5,393.5,355.75,-15.5,0.25,3.0,5.167338665975832,3.125465019746157,0.0,0.0,-15.5,0.25,3.125465019746157,0.0
