video_name,frame_idx,track_id,class_id,x1,y1,x2,y2,cx,cy,dx,dy,dframes,velocity,direction,acceleration,direction_change,rolling_dx,rolling_dy,traj_direction,curvature
N6zJ2inqJn0_2_00,36,1,0,153.90000032911394,177.99999975,226.6999996708861,233.30000025,190.3,205.65,,,,0.0,0.0,0.0,0.0,,,0.0,0.0
N6zJ2inqJn0_2_00,38,1,0,162.4,183.7,239.0,242.3,200.7,213.0,10.399999999999977,7.349999999999994,2.0,6.367544660228137,0.6152289895975627,0.0,0.0,10.399999999999977,7.349999999999994,0.6152289895975627,0.0
N6zJ2inqJn0_2_00,74,2,0,200.7,280.7,302.7,392.0,251.7,336.35,,,,0.0,0.0,0.0,0.0,,,0.0,0.0
N6zJ2inqJn0_2_00,76,2,0,196.3,282.7,303.0,394.0,249.65,338.35,-2.049999999999983,2.0,2.0,1.4320003491619624,2.368539542036565,0.0,0.0,-2.049999999999983,2.0,2.368539542036565,0.0
N6zJ2inqJn0_2_00,78,2,0,193.0,282.7,304.3,393.7,248.65,338.2,-1.0,-0.1500000000000341,2.0,0.5055937104039196,-2.9927027059802627,-0.46320331937902137,0.9219430591627592,-1.5249999999999915,0.924999999999983,2.5963654980525237,0.3073143530542531
N6zJ2inqJn0_2_00,80,2,0,202.0,283.0,304.0,393.3,253.0,338.15,4.349999999999994,-0.05000000000001137,2.0,2.1751436734156178,-0.011493746715033148,0.8347749815058491,2.9812089592652296,0.4333333333333371,0.5999999999999849,0.9453112865556513,1.3010506728093296
