video_name,frame_idx,track_id,class_id,x1,y1,x2,y2,cx,cy,dx,dy,dframes,velocity,direction,acceleration,direction_change,rolling_dx,rolling_dy,traj_direction,curvature
nbSL1Tri9gc_00,87,1,0,125.20000041088326,87.99999975,177.29999958911674,119.70000025,151.25,103.85,,,,0.0,0.0,0.0,0.0,,,0.0,0.0
nbSL1Tri9gc_00,90,1,0,125.2,88.0,177.5,120.0,151.35,104.0,0.09999999999999432,0.15000000000000568,3.0,0.06009252125773368,0.9827937232473727,0.0,0.0,0.09999999999999432,0.15000000000000568,0.9827937232473727,0.0
nbSL1Tri9gc_00,96,1,0,125.2,88.0,177.5,119.8,151.35,103.9,0.0,-0.09999999999999432,6.0,0.01666666666666572,-1.5707963267948966,-0.00723764243184466,-2.5535900500422692,0.04999999999999716,0.025000000000005684,0.46364760900091984,0.851196683347423
nbSL1Tri9gc_00,99,1,0,125.2,88.0,177.5,120.0,151.35,104.0,0.0,0.09999999999999432,3.0,0.03333333333333144,1.5707963267948966,0.00555555555555524,3.141592653589793,0.03333333333333144,0.0500000000000019,0.9827937232473727,1.8983942345440206
nbSL1Tri9gc_00,102,1,0,125.2,88.0,177.5,119.8,151.35,103.9,0.0,-0.09999999999999432,3.0,0.03333333333333144,-1.5707963267948966,0.0,-3.141592653589793,0.02499999999999858,0.012500000000002842,0.46364760900091984,2.945591785740618
nbSL1Tri9gc_00,105,1,0,125.2,88.0,177.5,120.0,151.35,104.0,0.0,0.09999999999999432,3.0,0.03333333333333144,1.5707963267948966,0.0,3.141592653589793,0.019999999999998862,0.030000000000001137,0.9827937232473727,3.141592653589793
nbSL1Tri9gc_00,108,1,0,125.2,88.0,177.5,120.0,151.35,104.0,0.0,0.0,3.0,0.0,0.0,-0.01111111111111048,-1.5707963267948966,0.01666666666666572,0.02500000000000095,0.9827937232473727,2.6179938779914944
nbSL1Tri9gc_00,111,1,0,125.2,88.0,177.5,120.0,151.35,104.0,0.0,0.0,3.0,0.0,0.0,0.0,0.0,0.014285714285713473,0.02142857142857224,0.9827937232473727,1.5707963267948966
nbSL1Tri9gc_00,114,1,0,125.2,88.0,177.5,120.0,151.35,104.0,0.0,0.0,3.0,0.0,0.0,0.0,0.0,0.01249999999999929,0.01875000000000071,0.9827937232473727,0.5235987755982988
