video_name,frame_idx,track_id,class_id,x1,y1,x2,y2,cx,cy,dx,dy,dframes,velocity,direction,acceleration,direction_change,rolling_dx,rolling_dy,traj_direction,curvature
Ns30XeulhHo_01,0,2,0,1152.0000001538465,810.99999975,1199.9999998461535,889.00000025,1176.0,850.0,,,,0.0,0.0,0.0,0.0,,,0.0,0.0
Ns30XeulhHo_01,0,1,1,1152.0000001518988,810.99999975,1199.9999998481012,890.00000025,1176.0,850.5,,,,0.0,0.0,0.0,0.0,,,0.0,0.0
Ns30XeulhHo_01,2,3,0,1148.000000139706,720.49999975,1185.999999860294,788.50000025,1167.0,754.5,,,,0.0,0.0,0.0,0.0,,,0.0,0.0
