video_name,frame_idx,track_id,class_id,x1,y1,x2,y2,cx,cy,dx,dy,dframes,velocity,direction,acceleration,direction_change,rolling_dx,rolling_dy,traj_direction,curvature
NW8ZJK5zv_M_00,6,1,0,413.000000245169,187.09999975,433.2999997548309,207.80000025,423.15,197.45,,,,0.0,0.0,0.0,0.0,,,0.0,0.0
NW8ZJK5zv_M_00,8,1,0,412.6,187.1,433.3,207.8,422.95000000000005,197.45,-0.1999999999999318,0.0,2.0,0.0999999999999659,3.141592653589793,0.0,0.0,-0.1999999999999318,0.0,3.141592653589793,0.0
NW8ZJK5zv_M_00,10,1,0,413.0,187.1,433.3,207.8,423.15,197.45,0.1999999999999318,0.0,2.0,0.0999999999999659,0.0,0.0,-3.141592653589793,0.0,0.0,0.0,1.0471975511965976
NW8ZJK5zv_M_00,12,1,0,413.0,187.1,432.8,207.6,422.9,197.35,-0.25,-0.09999999999999432,2.0,0.13462912017836154,-2.7610862764774478,0.017314560089197822,-2.7610862764774478,-0.08333333333333333,-0.03333333333333144,-2.7610862764774478,1.967559643355747
NW8ZJK5zv_M_00,14,1,0,412.6,186.9,433.7,208.0,423.15,197.45,0.25,0.09999999999999432,2.0,0.13462912017836154,0.3805063771123453,0.0,3.141592653589793,0.0,0.0,0.0,3.014757194552345
NW8ZJK5zv_M_00,16,1,0,413.0,187.0,433.3,207.7,423.15,197.35,0.0,-0.09999999999999432,2.0,0.04999999999999716,-1.5707963267948966,-0.04231456008918219,-1.951302703907242,0.0,-0.019999999999998862,-1.5707963267948966,2.6179938779914944
NW8ZJK5zv_M_00,18,1,0,413.4,187.0,433.7,207.7,423.54999999999995,197.35,0.39999999999997726,0.0,2.0,0.19999999999998863,0.0,0.07499999999999574,1.5707963267948966,0.06666666666666288,-0.01666666666666572,-0.24497866312686417,2.221230561430644
NW8ZJK5zv_M_00,94,12,0,761.1,243.0,813.4,280.1,787.25,261.55,,,,0.0,0.0,0.0,0.0,,,0.0,0.0
