video_name,frame_idx,track_id,class_id,x1,y1,x2,y2,cx,cy,dx,dy,dframes,velocity,direction,acceleration,direction_change,rolling_dx,rolling_dy,traj_direction,curvature
oV7t0yEbT8c_00,141,1,0,1516.000000201923,840.99999975,1599.999999798077,945.00000025,1558.0,893.0,,,,0.0,0.0,0.0,0.0,,,0.0,0.0
oV7t0yEbT8c_00,147,1,0,1504.0,829.0,1588.0,935.0,1546.0,882.0,-12.0,-11.0,6.0,2.7131367660166177,-2.3996453855838755,0.0,0.0,-12.0,-11.0,-2.3996453855838755,0.0
