video_name,frame_idx,track_id,class_id,x1,y1,x2,y2,cx,cy,dx,dy,dframes,velocity,direction,acceleration,direction_change,rolling_dx,rolling_dy,traj_direction,curvature
owO2-pjxOqs_00,1,1,1,546.0000004646414,129.29999975,639.2999995353586,179.50000025,592.65,154.4,,,,0.0,0.0,0.0,0.0,,,0.0,0.0
owO2-pjxOqs_00,4,1,1,538.7,150.0,622.7,180.7,580.7,165.35,-11.949999999999932,10.949999999999989,3.0,5.402725649562842,2.3998348871923687,0.0,0.0,-11.949999999999932,10.949999999999989,2.3998348871923687,0.0
owO2-pjxOqs_00,7,1,1,526.0,121.3,643.3,181.3,584.65,151.3,3.949999999999932,-14.049999999999983,3.0,4.864896938499531,-1.2967319365838743,-0.17927623702110354,2.586618483403343,-4.0,-1.5499999999999972,-2.771908364794492,0.8622061611344477
owO2-pjxOqs_00,8,1,1,522.7,121.2,644.7,181.8,583.7,151.5,-0.9499999999999318,0.19999999999998863,1.0,0.9708243919473108,2.9340964271545875,-3.8940725465522203,-2.052356943441124,-2.9833333333333107,-0.9666666666666686,-2.8282452627407952,1.5463251422814892
owO2-pjxOqs_00,14,1,1,499.0,130.0,591.7,183.2,545.35,156.6,-38.35000000000002,5.099999999999994,6.0,6.447937870185927,3.0093827388389727,0.9128522463731028,0.07528631168438515,-11.824999999999989,0.5499999999999972,3.0951145222387906,1.5714205795096177
owO2-pjxOqs_00,15,1,1,496.0,129.7,586.7,183.7,541.35,156.7,-4.0,0.09999999999999432,1.0,4.001249804748511,3.1165978599708746,-2.4466880654374163,0.10721512113190193,-10.259999999999991,0.4599999999999966,3.0967883501259514,0.7449527920858037
owO2-pjxOqs_00,29,1,1,444.3,137.3,535.0,188.3,489.65,162.8,-51.700000000000045,6.100000000000023,14.0,3.718472914561374,3.0241472464837456,-0.020198349299081216,-0.09245061348712903,-17.166666666666668,1.400000000000001,3.0602193401423192,0.0916506821011387
