video_name,frame_idx,track_id,class_id,x1,y1,x2,y2,cx,cy,dx,dy,dframes,velocity,direction,acceleration,direction_change,rolling_dx,rolling_dy,traj_direction,curvature
pYs0DHkGyec_00,27,1,6,270.30000014460785,94.49999975,305.6999998553921,155.70000025,288.0,125.1,,,,0.0,0.0,0.0,0.0,,,0.0,0.0
pYs0DHkGyec_00,92,2,0,718.7000002107143,313.29999975,801.2999997892857,411.30000025,760.0,362.29999999999995,,,,0.0,0.0,0.0,0.0,,,0.0,0.0
pYs0DHkGyec_00,168,4,0,352.0,705.3,413.3,718.7,382.65,712.0,,,,0.0,0.0,0.0,0.0,,,0.0,0.0
pYs0DHkGyec_00,169,4,0,352.0,705.3,413.3,718.7,382.65,712.0,0.0,0.0,1.0,0.0,0.0,0.0,0.0,0.0,0.0,0.0,0.0
pYs0DHkGyec_00,170,4,0,352.0,705.3,413.3,718.7,382.65,712.0,0.0,0.0,1.0,0.0,0.0,0.0,0.0,0.0,0.0,0.0,0.0
pYs0DHkGyec_00,171,4,0,352.0,705.3,413.3,718.7,382.65,712.0,0.0,0.0,1.0,0.0,0.0,0.0,0.0,0.0,0.0,0.0,0.0
pYs0DHkGyec_00,172,4,0,352.0,705.3,413.3,718.7,382.65,712.0,0.0,0.0,1.0,0.0,0.0,0.0,0.0,0.0,0.0,0.0,0.0
pYs0DHkGyec_00,173,4,0,351.3,705.3,412.7,718.7,382.0,712.0,-0.6499999999999773,0.0,1.0,0.6499999999999773,3.141592653589793,0.6499999999999773,3.141592653589793,-0.12999999999999545,0.0,3.141592653589793,1.0471975511965976
pYs0DHkGyec_00,174,4,0,351.7,705.3,413.0,718.7,382.35,712.0,0.35000000000002274,0.0,1.0,0.35000000000002274,0.0,-0.2999999999999545,-3.141592653589793,-0.04999999999999242,0.0,3.141592653589793,2.0943951023931953
