video_name,frame_idx,track_id,class_id,x1,y1,x2,y2,cx,cy,dx,dy,dframes,velocity,direction,acceleration,direction_change,rolling_dx,rolling_dy,traj_direction,curvature
T1WbCBVGCHg_12_00,192,1,0,532.3000003722316,375.29999975,619.6999996277684,434.00000025,576.0,404.65,,,,0.0,0.0,0.0,0.0,,,0.0,0.0
T1WbCBVGCHg_12_00,234,2,0,1250.7,400.7,1280.0,437.3,1265.35,419.0,,,,0.0,0.0,0.0,0.0,,,0.0,0.0
T1WbCBVGCHg_12_00,236,2,0,1248.0,400.7,1280.0,438.0,1264.0,419.35,-1.349999999999909,0.35000000000002274,2.0,0.6973162840490265,2.887918557451118,0.0,0.0,-1.349999999999909,0.35000000000002274,2.887918557451118,0.0
T1WbCBVGCHg_12_00,238,2,0,1248.0,400.0,1280.0,438.7,1264.0,419.35,0.0,0.0,2.0,0.0,0.0,-0.34865814202451323,-2.887918557451118,-0.6749999999999545,0.17500000000001137,2.887918557451118,0.9626395191503727
T1WbCBVGCHg_12_00,240,2,0,1248.0,402.7,1280.0,438.7,1264.0,420.7,0.0,1.349999999999966,2.0,0.674999999999983,1.5707963267948966,0.3374999999999915,1.5707963267948966,-0.4499999999999697,0.5666666666666629,2.241940162230876,1.4862382947486716
T1WbCBVGCHg_12_00,242,2,0,1248.0,405.0,1280.0,439.0,1264.0,422.0,0.0,1.3000000000000114,2.0,0.6500000000000057,1.5707963267948966,-0.012499999999988631,0.0,-0.33749999999997726,0.75,1.9936502529278122,1.4862382947486716
T1WbCBVGCHg_12_00,244,2,0,1248.0,405.7,1280.0,439.7,1264.0,422.7,0.0,0.6999999999999886,2.0,0.3499999999999943,1.5707963267948966,-0.15000000000000568,0.0,-0.2699999999999818,0.7399999999999978,1.9206519286519739,0.5235987755982988
