video_name,frame_idx,track_id,class_id,x1,y1,x2,y2,cx,cy,dx,dy,dframes,velocity,direction,acceleration,direction_change,rolling_dx,rolling_dy,traj_direction,curvature
Uf-KkS36dZg_00,9,1,2,0.7000003425283836,-2.499999993688107e-07,217.9999996574716,158.60000025,109.35,79.3,,,,0.0,0.0,0.0,0.0,,,0.0,0.0
Uf-KkS36dZg_00,10,1,2,0.0,0.0,212.0,155.7,106.0,77.85,-3.3499999999999943,-1.4500000000000028,1.0,3.6503424496887917,-2.7331037605171646,0.0,0.0,-3.3499999999999943,-1.4500000000000028,-2.7331037605171646,0.0
Uf-KkS36dZg_00,20,1,2,1.3,0.0,238.3,156.2,119.80000000000001,78.1,13.800000000000011,0.25,10.0,1.3802264306989644,0.01811396061143369,-0.22701160189898273,2.751217721128598,5.2250000000000085,-0.6000000000000014,-0.11433174531825638,0.9170725737095328
Uf-KkS36dZg_00,25,1,2,0.0,0.0,223.3,158.6,111.65,79.3,-8.150000000000006,1.2000000000000028,5.0,1.6475739740600435,2.9954037798436177,0.0534695086722158,2.977289819232184,0.7666666666666705,0.0,0.0,1.9095025134535941
Uf-KkS36dZg_00,26,1,2,0.0,0.0,219.7,160.8,109.85,80.4,-1.8000000000000114,1.1000000000000085,1.0,2.1095023109729127,2.5930432511392647,0.4619283369128693,-0.40236052870435307,0.125,0.27500000000000213,1.1441688336680234,2.0436226896883785
Uf-KkS36dZg_00,27,1,2,0.0,0.0,227.3,159.4,113.65,79.7,3.8000000000000114,-0.7000000000000028,1.0,3.8639358172723433,-0.18216831047276363,1.7544335062994305,-2.7752115616120285,0.8600000000000023,0.08000000000000114,0.09275632018814482,2.0516206365161884
Uf-KkS36dZg_00,28,1,2,0.0,0.0,249.7,157.8,124.85,78.9,11.199999999999989,-0.7999999999999972,1.0,11.228535078094549,-0.07130746478529015,7.364599260822205,0.11086084568747351,2.5833333333333335,-0.06666666666666525,-0.025800725101424022,1.096144312001285
Uf-KkS36dZg_00,29,1,2,0.0,0.0,221.3,156.7,110.65,78.35,-14.199999999999989,-0.5500000000000114,1.0,14.210647416637979,-3.1028796105664087,2.9821123385434305,-3.0315721457811184,0.18571428571428733,-0.13571428571428612,-0.6310793874713266,1.9725481843602068
