video_name,frame_idx,track_id,class_id,x1,y1,x2,y2,cx,cy,dx,dy,dframes,velocity,direction,acceleration,direction_change,rolling_dx,rolling_dy,traj_direction,curvature
upawiSphDM8_2_00,6,1,0,337.3000005528571,11.799999750000003,375.9999994471429,29.30000025,356.65,20.55,,,,0.0,0.0,0.0,0.0,,,0.0,0.0
upawiSphDM8_2_00,9,1,0,337.7,11.7,376.3,29.2,357.0,20.45,0.35000000000002274,-0.10000000000000142,3.0,0.12133516482134939,-0.27829965900509795,0.0,0.0,0.35000000000002274,-0.10000000000000142,-0.27829965900509795,0.0
upawiSphDM8_2_00,78,3,1,162.2,177.3,290.3,273.3,226.25,225.3,,,,0.0,0.0,0.0,0.0,,,0.0,0.0
upawiSphDM8_2_00,81,3,1,161.3,176.0,290.3,275.7,225.8,225.85,-0.44999999999998863,0.549999999999983,3.0,0.23687784005919146,2.2565258377011856,0.0,0.0,-0.44999999999998863,0.549999999999983,2.2565258377011856,0.0
upawiSphDM8_2_00,84,3,1,160.5,175.7,291.2,275.0,225.85,225.35,0.04999999999998295,-0.5,3.0,0.16749792701868094,-1.4711276743037682,-0.023126637680170176,2.555531795174632,-0.20000000000000284,0.024999999999991473,3.0172376590430754,0.8518439317248774
