video_name,frame_idx,track_id,class_id,x1,y1,x2,y2,cx,cy,dx,dy,dframes,velocity,direction,acceleration,direction_change,rolling_dx,rolling_dy,traj_direction,curvature
video33_00,0,1,0,305.50000020238093,99.89999975,313.99999979761907,110.40000025,309.75,105.15,,,,0.0,0.0,0.0,0.0,,,0.0,0.0
video33_00,10,2,1,157.7000007469135,0.1999997500000079,181.8999992530865,8.300000249999993,169.8,4.25,,,,0.0,0.0,0.0,0.0,,,0.0,0.0
video33_00,38,2,1,151.8,0.1,177.0,13.2,164.4,6.6499999999999995,-5.400000000000006,2.3999999999999995,28.0,0.211046952895631,2.7233683240105644,0.0,0.0,-5.400000000000006,2.3999999999999995,2.7233683240105644,0.0
video33_00,40,2,1,150.6,0.0,182.7,13.6,166.64999999999998,6.8,2.2499999999999716,0.15000000000000036,2.0,1.1274972283779539,0.0665681637758248,0.4582251377411614,-2.6568001602347397,-1.575000000000017,1.275,2.461071428922584,0.8856000534115799
video33_00,42,2,1,150.3,0.0,181.7,13.4,166.0,6.7,-0.6499999999999773,-0.09999999999999964,2.0,0.3288236609491364,-2.988943325194523,-0.3993367837144087,-3.055511488970348,-1.2666666666666704,0.8166666666666668,2.5689262708839564,1.9041038830683625
