video_name,frame_idx,track_id,class_id,x1,y1,x2,y2,cx,cy,dx,dy,dframes,velocity,direction,acceleration,direction_change,rolling_dx,rolling_dy,traj_direction,curvature
Vtp5G_Z5BZQ_01,20,1,0,335.0000003502155,285.79999975000004,399.9999996497845,332.20000025,367.5,309.0,,,,0.0,0.0,0.0,0.0,,,0.0,0.0
Vtp5G_Z5BZQ_01,21,1,0,338.0,286.0,400.0,332.0,369.0,309.0,1.5,0.0,1.0,1.5,0.0,0.0,0.0,1.5,0.0,0.0,0.0
Vtp5G_Z5BZQ_01,22,1,0,340.2,285.5,399.8,331.5,370.0,308.5,1.0,-0.5,1.0,1.118033988749895,-0.46364760900080615,-0.3819660112501051,-0.4636476090008062,1.25,-0.25,-0.19739555984988078,0.15454920300026873
Vtp5G_Z5BZQ_01,23,1,0,336.5,286.2,399.5,331.8,368.0,309.0,-2.0,0.5,1.0,2.0615528128088303,2.896613990462929,0.9435188240589354,-2.922923707715851,0.16666666666666666,0.0,0.0,1.1288571055722192
Vtp5G_Z5BZQ_01,24,1,0,335.5,285.5,400.0,331.5,367.75,308.5,-0.25,-0.5,1.0,0.5590169943749475,-2.0344439357957027,-1.5025358184338828,1.3521273809209549,0.0625,-0.125,-1.1071487177940904,1.5795662325458706
Vtp5G_Z5BZQ_01,25,1,0,335.0,285.5,400.0,331.5,367.5,308.5,-0.25,0.0,1.0,0.25,3.141592653589793,-0.30901699437494745,-1.1071487177940904,0.0,-0.1,-1.5707963267948966,1.794066602143632
