video_name,frame_idx,track_id,class_id,x1,y1,x2,y2,cx,cy,dx,dy,dframes,velocity,direction,acceleration,direction_change,rolling_dx,rolling_dy,traj_direction,curvature
Vtp5G_Z5BZQ_00,0,1,1,428.0000002321429,194.99999975,466.9999997678572,237.00000025,447.50000000000006,216.0,,,,0.0,0.0,0.0,0.0,,,0.0,0.0
Vtp5G_Z5BZQ_00,52,4,0,146.4,251.2,179.4,280.2,162.9,265.7,,,,0.0,0.0,0.0,0.0,,,0.0,0.0
Vtp5G_Z5BZQ_00,53,4,0,146.1,245.0,179.9,281.0,163.0,263.0,0.09999999999999432,-2.6999999999999886,1.0,2.7018512172212477,-1.5337762109209685,0.0,0.0,0.09999999999999432,-2.6999999999999886,-1.5337762109209685,0.0
Vtp5G_Z5BZQ_00,55,4,0,145.2,252.5,179.2,284.0,162.2,268.25,-0.8000000000000114,5.25,2.0,2.6553013011709243,1.7220140169413394,-0.023274958025161663,-3.0273950793172784,-0.3500000000000085,1.2750000000000057,1.8387067492182414,1.0091316931057595
Vtp5G_Z5BZQ_00,56,4,0,145.8,255.8,179.8,284.2,162.8,270.0,0.6000000000000227,1.75,1.0,1.8500000000000074,1.2404989719656312,-0.8053013011709169,-0.4815150449757083,-0.03333333333333144,1.4333333333333371,1.5940479496053581,1.1696367080976622
Vtp5G_Z5BZQ_00,58,4,0,144.8,259.0,178.2,288.0,161.5,273.5,-1.3000000000000114,3.5,2.0,1.8668154702594488,1.9264322110956593,0.008407735129720706,0.685933239130028,-0.3500000000000014,1.9500000000000028,1.7483924940783848,1.398281121141005
