video_name,frame_idx,track_id,class_id,x1,y1,x2,y2,cx,cy,dx,dy,dframes,velocity,direction,acceleration,direction_change,rolling_dx,rolling_dy,traj_direction,curvature
Wuq6RfJ-yPY_00,354,1,1,3.278157123531855e-07,523.49999975,384.1999996721843,816.50000025,192.1,670.0,,,,0.0,0.0,0.0,0.0,,,0.0,0.0
Wuq6RfJ-yPY_00,356,1,1,0.0,536.5,391.0,859.5,195.5,698.0,3.4000000000000057,28.0,2.0,14.102836594104039,1.449959347637824,0.0,0.0,3.4000000000000057,28.0,1.449959347637824,0.0
