video_name,frame_idx,track_id,class_id,x1,y1,x2,y2,cx,cy,dx,dy,dframes,velocity,direction,acceleration,direction_change,rolling_dx,rolling_dy,traj_direction,curvature
y-yIv_dFHuc_00,6,1,2,416.9000003031129,347.19999975,794.6999996968871,658.80000025,605.8,503.0,,,,0.0,0.0,0.0,0.0,,,0.0,0.0
y-yIv_dFHuc_00,8,1,2,441.9,357.5,774.0,652.5,607.95,505.0,2.150000000000091,2.0,2.0,1.4682046860026357,0.7492693128846517,0.0,0.0,2.150000000000091,2.0,0.7492693128846517,0.0
y-yIv_dFHuc_00,10,1,2,399.6,366.3,746.1,666.9,572.85,516.6,-35.10000000000002,11.600000000000023,2.0,18.48357378863732,2.8224083895388743,8.507684551317341,2.073139076654223,-16.474999999999966,6.800000000000011,2.750146363884823,0.691046358884741
y-yIv_dFHuc_00,12,1,2,366.3,372.4,672.3,666.0,519.3,519.2,-53.55000000000007,2.6000000000000227,2.0,26.80654071304244,3.0930779975502904,4.161483462202561,0.27066960801141615,-28.833333333333332,5.4000000000000155,2.9564541130563446,0.781269561555213
