video_name,frame_idx,track_id,class_id,x1,y1,x2,y2,cx,cy,dx,dy,dframes,velocity,direction,acceleration,direction_change,rolling_dx,rolling_dy,traj_direction,curvature
YkJBdoMtBfU_01,2,2,0,865.5000004032258,599.99999975,915.4999995967742,631.00000025,890.5,615.5,,,,0.0,0.0,0.0,0.0,,,0.0,0.0
YkJBdoMtBfU_01,2,1,0,645.0000003489583,597.99999975,711.9999996510417,646.00000025,678.5,622.0,,,,0.0,0.0,0.0,0.0,,,0.0,0.0
YkJBdoMtBfU_01,4,2,0,867.0,600.0,915.0,631.0,891.0,615.5,0.5,0.0,2.0,0.25,0.0,0.0,0.0,0.5,0.0,0.0,0.0
YkJBdoMtBfU_01,4,1,0,636.0,603.0,727.0,651.0,681.5,627.0,3.0,5.0,2.0,2.9154759474226504,1.0303768265243125,0.0,0.0,3.0,5.0,1.0303768265243125,0.0
YkJBdoMtBfU_01,320,26,0,248.1,298.5,282.0,343.5,265.05,321.0,,,,0.0,0.0,0.0,0.0,,,0.0,0.0
YkJBdoMtBfU_01,322,26,0,247.2,299.5,279.8,343.5,263.5,321.5,-1.5500000000000114,0.5,2.0,0.814324873745122,2.829550532027262,0.0,0.0,-1.5500000000000114,0.5,2.829550532027262,0.0
YkJBdoMtBfU_01,324,26,0,248.8,299.5,280.2,344.0,264.5,321.75,1.0,0.25,2.0,0.5153882032022076,0.24497866312686417,-0.1494683352714572,-2.584571868900398,-0.2750000000000057,0.375,2.2035451617970896,0.8615239563001326
YkJBdoMtBfU_01,326,26,0,248.4,299.8,279.5,343.8,263.95,321.8,-0.5500000000000114,0.05000000000001137,2.0,0.2761340254296877,3.0509327663890295,-0.11962708888625995,2.8059541032621653,-0.36666666666667425,0.26666666666667044,2.512796367174363,1.7968419907208544
YkJBdoMtBfU_01,328,26,0,248.9,299.5,279.0,344.5,263.95,322.0,0.0,0.19999999999998863,2.0,0.09999999999999432,1.5707963267948966,-0.08806701271484668,-1.480136439594133,-0.2750000000000057,0.25,2.4037775934693384,2.2902208039188987
